date,exdate,cp_flag,strike_price,best_bid,best_offer,exercise_style
20201201,20201218,C,100000,3547.6,3570.5,E
20201201,20201218,C,200000,3447.6,3470.5,E
20201201,20201218,C,300000,3347.7,3370.6,E
20201201,20201218,C,400000,3247.7,3270.6,E
20201201,20201218,C,500000,3147.7,3170.6,E
20201201,20201218,C,600000,3054.1,3066.8,E
20201201,20201218,C,650000,3004.2,3016.8,E
20201201,20201218,C,700000,2954.2,2966.8,E
20201201,20201218,C,750000,2904.2,2916.8,E
20201201,20201218,C,800000,2854.1,2866.8,E
20201201,20201218,C,850000,2804.2,2816.9,E
20201201,20201218,C,900000,2754.2,2766.9,E
20201201,20201218,C,950000,2704.2,2716.9,E
20201201,20201218,C,1000000,2654.2,2666.9,E
20201201,20201218,C,1050000,2604.2,2616.9,E
20201201,20201218,C,1100000,2554.3,2566.9,E
20201201,20201218,C,1150000,2504.3,2516.9,E
20201201,20201218,C,1200000,2454.3,2466.9,E
20201201,20201218,C,1225000,2429.3,2442.0,E
20201201,20201218,C,1250000,2404.3,2417.0,E
20201201,20201218,C,1275000,2379.3,2392.0,E
20201201,20201218,C,1300000,2354.3,2367.0,E
20201201,20201218,C,1325000,2329.3,2342.0,E
20201201,20201218,C,1350000,2304.3,2317.0,E
20201201,20201218,C,1375000,2279.3,2292.0,E
20201201,20201218,C,1400000,2254.3,2267.0,E
20201201,20201218,C,1425000,2229.3,2242.0,E
20201201,20201218,C,1450000,2204.4,2217.0,E
20201201,20201218,C,1475000,2179.4,2192.0,E
20201201,20201218,C,1500000,2154.4,2167.0,E
20201201,20201218,C,1525000,2129.4,2142.0,E
20201201,20201218,C,1550000,2104.4,2117.1,E
20201201,20201218,C,1575000,2079.4,2092.1,E
20201201,20201218,C,1600000,2054.4,2067.1,E
20201201,20201218,C,1625000,2029.4,2042.1,E
20201201,20201218,C,1650000,2004.4,2017.1,E
20201201,20201218,C,1675000,1979.4,1992.1,E
20201201,20201218,C,1700000,1954.4,1967.1,E
20201201,20201218,C,1725000,1929.5,1942.1,E
20201201,20201218,C,1750000,1904.5,1917.1,E
20201201,20201218,C,1775000,1879.5,1892.1,E
20201201,20201218,C,1800000,1854.5,1867.1,E
20201201,20201218,C,1825000,1829.5,1842.2,E
20201201,20201218,C,1850000,1804.5,1817.2,E
20201201,20201218,C,1875000,1779.5,1792.2,E
20201201,20201218,C,1900000,1754.5,1767.2,E
20201201,20201218,C,1925000,1729.5,1742.2,E
20201201,20201218,C,1950000,1704.6,1717.2,E
20201201,20201218,C,1975000,1679.6,1692.2,E
20201201,20201218,C,2000000,1654.6,1667.3,E
20201201,20201218,C,2025000,1629.6,1642.2,E
20201201,20201218,C,2050000,1604.6,1617.3,E
20201201,20201218,C,2075000,1579.6,1592.3,E
20201201,20201218,C,2100000,1554.7,1567.3,E
20201201,20201218,C,2125000,1529.7,1542.3,E
20201201,20201218,C,2150000,1504.7,1517.3,E
20201201,20201218,C,2175000,1479.7,1492.4,E
20201201,20201218,C,2200000,1454.7,1467.4,E
20201201,20201218,C,2225000,1429.8,1442.4,E
20201201,20201218,C,2250000,1404.8,1417.4,E
20201201,20201218,C,2260000,1394.8,1407.4,E
20201201,20201218,C,2270000,1384.8,1397.4,E
20201201,20201218,C,2275000,1379.8,1392.5,E
20201201,20201218,C,2280000,1374.8,1387.4,E
20201201,20201218,C,2290000,1364.8,1377.5,E
20201201,20201218,C,2300000,1354.8,1367.5,E
20201201,20201218,C,2310000,1344.8,1357.5,E
20201201,20201218,C,2320000,1334.9,1347.5,E
20201201,20201218,C,2325000,1329.9,1342.5,E
20201201,20201218,C,2330000,1324.9,1337.5,E
20201201,20201218,C,2340000,1314.9,1327.5,E
20201201,20201218,C,2350000,1304.9,1317.5,E
20201201,20201218,C,2360000,1294.9,1307.5,E
20201201,20201218,C,2370000,1284.9,1297.5,E
20201201,20201218,C,2375000,1279.9,1292.5,E
20201201,20201218,C,2380000,1274.9,1287.6,E
20201201,20201218,C,2390000,1264.9,1277.6,E
20201201,20201218,C,2400000,1255.0,1267.6,E
20201201,20201218,C,2405000,1250.0,1262.6,E
20201201,20201218,C,2410000,1245.0,1257.6,E
20201201,20201218,C,2415000,1240.0,1252.6,E
20201201,20201218,C,2420000,1235.0,1247.6,E
20201201,20201218,C,2425000,1230.0,1242.6,E
20201201,20201218,C,2430000,1225.0,1237.6,E
20201201,20201218,C,2435000,1220.0,1232.6,E
20201201,20201218,C,2440000,1215.0,1227.6,E
20201201,20201218,C,2445000,1210.0,1222.6,E
20201201,20201218,C,2450000,1205.0,1217.6,E
20201201,20201218,C,2455000,1200.0,1212.6,E
20201201,20201218,C,2460000,1195.0,1207.7,E
20201201,20201218,C,2465000,1190.0,1202.7,E
20201201,20201218,C,2470000,1185.0,1197.7,E
20201201,20201218,C,2475000,1180.1,1192.7,E
20201201,20201218,C,2480000,1175.1,1187.7,E
20201201,20201218,C,2485000,1170.1,1182.7,E
20201201,20201218,C,2490000,1165.1,1177.7,E
20201201,20201218,C,2495000,1160.1,1172.7,E
20201201,20201218,C,2500000,1155.1,1167.7,E
20201201,20201218,C,2505000,1150.1,1162.7,E
20201201,20201218,C,2510000,1145.1,1157.7,E
20201201,20201218,C,2515000,1140.1,1152.7,E
20201201,20201218,C,2520000,1135.1,1147.7,E
20201201,20201218,C,2525000,1130.1,1142.8,E
20201201,20201218,C,2530000,1125.1,1137.8,E
20201201,20201218,C,2535000,1120.1,1132.8,E
20201201,20201218,C,2540000,1115.2,1127.8,E
20201201,20201218,C,2545000,1110.2,1122.8,E
20201201,20201218,C,2550000,1105.2,1117.8,E
20201201,20201218,C,2555000,1100.2,1112.8,E
20201201,20201218,C,2560000,1095.2,1107.8,E
20201201,20201218,C,2565000,1092.1,1101.3,E
20201201,20201218,C,2570000,1087.1,1097.8,E
20201201,20201218,C,2575000,1082.2,1092.8,E
20201201,20201218,C,2580000,1077.1,1087.8,E
20201201,20201218,C,2585000,1072.1,1081.0,E
20201201,20201218,C,2590000,1067.1,1076.0,E
20201201,20201218,C,2595000,1062.1,1071.0,E
20201201,20201218,C,2600000,1057.3,1066.0,E
20201201,20201218,C,2605000,1052.1,1061.3,E
20201201,20201218,C,2610000,1047.1,1057.9,E
20201201,20201218,C,2615000,1042.2,1052.9,E
20201201,20201218,C,2620000,1037.2,1046.3,E
20201201,20201218,C,2625000,1032.3,1041.0,E
20201201,20201218,C,2630000,1027.2,1037.9,E
20201201,20201218,C,2635000,1022.2,1031.4,E
20201201,20201218,C,2640000,1017.2,1026.4,E
20201201,20201218,C,2645000,1012.2,1021.1,E
20201201,20201218,C,2650000,1007.4,1016.1,E
20201201,20201218,C,2655000,1002.2,1013.0,E
20201201,20201218,C,2660000,997.3,1005.3,E
20201201,20201218,C,2665000,992.3,998.5,E
20201201,20201218,C,2670000,987.3,995.5,E
20201201,20201218,C,2675000,982.4,990.5,E
20201201,20201218,C,2680000,977.3,985.5,E
20201201,20201218,C,2685000,972.3,980.6,E
20201201,20201218,C,2690000,967.3,975.6,E
20201201,20201218,C,2695000,962.3,970.6,E
20201201,20201218,C,2700000,957.5,965.6,E
20201201,20201218,C,2705000,952.4,960.6,E
20201201,20201218,C,2710000,947.4,953.6,E
20201201,20201218,C,2715000,942.4,948.6,E
20201201,20201218,C,2720000,937.4,945.6,E
20201201,20201218,C,2725000,932.6,940.7,E
20201201,20201218,C,2730000,927.4,935.7,E
20201201,20201218,C,2735000,922.4,930.7,E
20201201,20201218,C,2740000,917.4,925.7,E
20201201,20201218,C,2745000,912.4,920.7,E
20201201,20201218,C,2750000,907.6,915.7,E
20201201,20201218,C,2755000,902.5,908.7,E
20201201,20201218,C,2760000,897.5,903.7,E
20201201,20201218,C,2765000,892.5,900.8,E
20201201,20201218,C,2770000,887.5,895.8,E
20201201,20201218,C,2775000,882.7,890.8,E
20201201,20201218,C,2780000,877.5,885.8,E
20201201,20201218,C,2785000,872.6,880.8,E
20201201,20201218,C,2790000,867.6,873.8,E
20201201,20201218,C,2795000,862.6,868.8,E
20201201,20201218,C,2800000,857.8,865.9,E
20201201,20201218,C,2805000,852.6,860.9,E
20201201,20201218,C,2810000,847.6,855.9,E
20201201,20201218,C,2815000,842.6,850.9,E
20201201,20201218,C,2820000,837.7,845.9,E
20201201,20201218,C,2825000,832.8,841.0,E
20201201,20201218,C,2830000,827.7,833.9,E
20201201,20201218,C,2835000,822.7,831.0,E
20201201,20201218,C,2840000,817.7,826.0,E
20201201,20201218,C,2845000,812.7,821.0,E
20201201,20201218,C,2850000,808.0,816.1,E
20201201,20201218,C,2855000,802.8,809.0,E
20201201,20201218,C,2860000,797.8,804.0,E
20201201,20201218,C,2865000,792.8,801.1,E
20201201,20201218,C,2870000,787.8,796.1,E
20201201,20201218,C,2875000,783.0,791.1,E
20201201,20201218,C,2880000,777.9,784.1,E
20201201,20201218,C,2885000,772.9,779.1,E
20201201,20201218,C,2890000,767.9,776.3,E
20201201,20201218,C,2895000,762.9,769.2,E
20201201,20201218,C,2900000,758.1,764.2,E
20201201,20201218,C,2905000,753.0,759.2,E
20201201,20201218,C,2910000,748.0,754.2,E
20201201,20201218,C,2915000,743.0,751.4,E
20201201,20201218,C,2920000,738.0,744.3,E
20201201,20201218,C,2925000,733.2,739.3,E
20201201,20201218,C,2930000,728.1,734.3,E
20201201,20201218,C,2935000,723.1,729.3,E
20201201,20201218,C,2940000,718.1,724.4,E
20201201,20201218,C,2945000,713.1,719.4,E
20201201,20201218,C,2950000,708.3,716.6,E
20201201,20201218,C,2955000,703.2,709.4,E
20201201,20201218,C,2960000,698.2,704.5,E
20201201,20201218,C,2965000,693.2,699.5,E
20201201,20201218,C,2970000,688.3,696.7,E
20201201,20201218,C,2975000,683.4,689.6,E
20201201,20201218,C,2980000,678.3,684.6,E
20201201,20201218,C,2985000,673.3,679.6,E
20201201,20201218,C,2990000,668.4,674.6,E
20201201,20201218,C,2995000,663.4,669.6,E
20201201,20201218,C,3000000,658.6,664.8,E
20201201,20201218,C,3005000,653.5,661.9,E
20201201,20201218,C,3010000,648.5,654.7,E
20201201,20201218,C,3015000,643.5,649.7,E
20201201,20201218,C,3020000,638.5,647.0,E
20201201,20201218,C,3025000,633.7,639.8,E
20201201,20201218,C,3030000,628.6,634.8,E
20201201,20201218,C,3035000,623.7,632.1,E
20201201,20201218,C,3040000,618.7,624.9,E
20201201,20201218,C,3045000,613.7,619.9,E
20201201,20201218,C,3050000,608.9,617.2,E
20201201,20201218,C,3055000,603.8,610.0,E
20201201,20201218,C,3060000,598.8,605.0,E
20201201,20201218,C,3065000,593.9,602.3,E
20201201,20201218,C,3070000,588.9,595.1,E
20201201,20201218,C,3075000,584.1,592.4,E
20201201,20201218,C,3080000,579.0,585.2,E
20201201,20201218,C,3085000,574.0,580.2,E
20201201,20201218,C,3090000,569.1,577.5,E
20201201,20201218,C,3095000,564.1,570.3,E
20201201,20201218,C,3100000,559.3,567.6,E
20201201,20201218,C,3105000,554.2,560.4,E
20201201,20201218,C,3110000,549.3,557.6,E
20201201,20201218,C,3115000,544.3,552.7,E
20201201,20201218,C,3120000,539.3,547.7,E
20201201,20201218,C,3125000,534.6,540.6,E
20201201,20201218,C,3130000,529.5,537.8,E
20201201,20201218,C,3135000,524.5,532.9,E
20201201,20201218,C,3140000,519.6,528.0,E
20201201,20201218,C,3145000,514.6,523.0,E
20201201,20201218,C,3150000,509.8,518.1,E
20201201,20201218,C,3155000,504.7,513.1,E
20201201,20201218,C,3160000,499.8,508.2,E
20201201,20201218,C,3165000,494.8,503.2,E
20201201,20201218,C,3170000,489.9,496.1,E
20201201,20201218,C,3175000,485.1,491.1,E
20201201,20201218,C,3180000,480.0,488.4,E
20201201,20201218,C,3185000,475.1,483.5,E
20201201,20201218,C,3190000,470.2,478.6,E
20201201,20201218,C,3195000,465.3,473.6,E
20201201,20201218,C,3200000,460.5,468.7,E
20201201,20201218,C,3205000,455.4,463.8,E
20201201,20201218,C,3210000,450.5,458.8,E
20201201,20201218,C,3215000,445.6,453.9,E
20201201,20201218,C,3220000,440.6,449.0,E
20201201,20201218,C,3225000,435.9,441.8,E
20201201,20201218,C,3230000,430.8,439.2,E
20201201,20201218,C,3235000,425.9,434.2,E
20201201,20201218,C,3240000,421.0,429.3,E
20201201,20201218,C,3245000,416.1,422.2,E
20201201,20201218,C,3250000,411.3,419.5,E
20201201,20201218,C,3255000,406.3,414.6,E
20201201,20201218,C,3260000,401.4,409.7,E
20201201,20201218,C,3265000,396.5,404.8,E
20201201,20201218,C,3270000,391.6,400.0,E
20201201,20201218,C,3275000,386.9,395.1,E
20201201,20201218,C,3280000,381.8,390.2,E
20201201,20201218,C,3285000,376.9,385.3,E
20201201,20201218,C,3290000,372.1,380.4,E
20201201,20201218,C,3295000,367.2,375.6,E
20201201,20201218,C,3300000,362.5,368.4,E
20201201,20201218,C,3305000,357.5,365.8,E
20201201,20201218,C,3310000,352.6,361.0,E
20201201,20201218,C,3315000,347.8,356.1,E
20201201,20201218,C,3320000,342.9,351.3,E
20201201,20201218,C,3325000,338.2,344.1,E
20201201,20201218,C,3330000,333.2,339.3,E
20201201,20201218,C,3335000,328.4,336.8,E
20201201,20201218,C,3340000,323.6,329.6,E
20201201,20201218,C,3345000,319.0,327.1,E
20201201,20201218,C,3350000,314.3,320.0,E
20201201,20201218,C,3355000,309.4,315.2,E
20201201,20201218,C,3360000,304.6,310.4,E
20201201,20201218,C,3365000,299.8,305.6,E
20201201,20201218,C,3370000,295.0,300.8,E
20201201,20201218,C,3375000,290.4,298.4,E
20201201,20201218,C,3380000,285.5,293.6,E
20201201,20201218,C,3385000,280.7,286.5,E
20201201,20201218,C,3390000,276.0,284.1,E
20201201,20201218,C,3395000,271.3,277.0,E
20201201,20201218,C,3400000,266.7,274.7,E
20201201,20201218,C,3405000,261.8,270.0,E
20201201,20201218,C,3410000,257.1,262.8,E
20201201,20201218,C,3415000,252.4,258.1,E
20201201,20201218,C,3420000,247.7,253.4,E
20201201,20201218,C,3425000,243.2,250.8,E
20201201,20201218,C,3430000,238.4,246.5,E
20201201,20201218,C,3435000,233.8,239.4,E
20201201,20201218,C,3440000,229.1,234.7,E
20201201,20201218,C,3445000,224.5,232.6,E
20201201,20201218,C,3450000,220.0,225.4,E
20201201,20201218,C,3455000,215.3,220.8,E
20201201,20201218,C,3460000,210.8,216.2,E
20201201,20201218,C,3465000,206.2,211.7,E
20201201,20201218,C,3470000,201.7,209.4,E
20201201,20201218,C,3475000,197.2,204.3,E
20201201,20201218,C,3480000,192.6,199.8,E
20201201,20201218,C,3485000,188.2,195.2,E
20201201,20201218,C,3490000,183.7,190.7,E
20201201,20201218,C,3495000,179.3,186.6,E
20201201,20201218,C,3500000,175.0,181.6,E
20201201,20201218,C,3505000,171.2,177.1,E
20201201,20201218,C,3510000,166.8,172.7,E
20201201,20201218,C,3515000,162.5,168.3,E
20201201,20201218,C,3520000,158.1,163.9,E
20201201,20201218,C,3525000,151.6,159.5,E
20201201,20201218,C,3530000,149.5,155.2,E
20201201,20201218,C,3535000,145.3,150.8,E
20201201,20201218,C,3540000,141.1,146.5,E
20201201,20201218,C,3545000,136.9,142.2,E
20201201,20201218,C,3550000,132.8,138.0,E
20201201,20201218,C,3555000,130.4,131.5,E
20201201,20201218,C,3560000,126.3,127.4,E
20201201,20201218,C,3565000,122.2,123.3,E
20201201,20201218,C,3570000,118.2,119.3,E
20201201,20201218,C,3575000,114.2,115.3,E
20201201,20201218,C,3580000,110.3,111.3,E
20201201,20201218,C,3585000,106.4,107.4,E
20201201,20201218,C,3590000,102.5,103.5,E
20201201,20201218,C,3595000,98.7,99.7,E
20201201,20201218,C,3600000,95.0,96.0,E
20201201,20201218,C,3605000,91.3,92.3,E
20201201,20201218,C,3610000,87.7,88.6,E
20201201,20201218,C,3615000,84.1,85.1,E
20201201,20201218,C,3620000,80.6,81.5,E
20201201,20201218,C,3625000,77.1,78.1,E
20201201,20201218,C,3630000,73.8,74.6,E
20201201,20201218,C,3635000,70.5,71.3,E
20201201,20201218,C,3640000,67.3,68.0,E
20201201,20201218,C,3645000,64.1,64.9,E
20201201,20201218,C,3650000,61.1,61.8,E
20201201,20201218,C,3655000,58.1,58.8,E
20201201,20201218,C,3660000,55.2,55.9,E
20201201,20201218,C,3665000,52.3,53.0,E
20201201,20201218,C,3670000,49.6,50.3,E
20201201,20201218,C,3675000,46.9,47.6,E
20201201,20201218,C,3680000,44.4,45.0,E
20201201,20201218,C,3685000,41.9,42.5,E
20201201,20201218,C,3690000,39.6,40.1,E
20201201,20201218,C,3695000,37.3,37.8,E
20201201,20201218,C,3700000,35.1,35.6,E
20201201,20201218,C,3705000,33.0,33.5,E
20201201,20201218,C,3710000,31.0,31.5,E
20201201,20201218,C,3715000,29.1,29.6,E
20201201,20201218,C,3720000,27.2,27.7,E
20201201,20201218,C,3725000,25.5,26.0,E
20201201,20201218,C,3730000,23.8,24.3,E
20201201,20201218,C,3735000,22.2,22.7,E
20201201,20201218,C,3740000,20.7,21.2,E
20201201,20201218,C,3745000,19.3,19.8,E
20201201,20201218,C,3750000,18.0,18.4,E
20201201,20201218,C,3755000,16.7,17.2,E
20201201,20201218,C,3760000,15.5,16.0,E
20201201,20201218,C,3765000,14.4,14.8,E
20201201,20201218,C,3770000,13.4,13.8,E
20201201,20201218,C,3775000,12.4,12.8,E
20201201,20201218,C,3780000,11.5,11.9,E
20201201,20201218,C,3785000,10.6,11.0,E
20201201,20201218,C,3790000,9.8,10.2,E
20201201,20201218,C,3795000,9.1,9.4,E
20201201,20201218,C,3800000,8.4,8.8,E
20201201,20201218,C,3805000,7.8,8.1,E
20201201,20201218,C,3810000,7.2,7.5,E
20201201,20201218,C,3815000,6.6,6.9,E
20201201,20201218,C,3820000,6.1,6.4,E
20201201,20201218,C,3825000,5.7,6.0,E
20201201,20201218,C,3830000,5.3,5.5,E
20201201,20201218,C,3835000,4.9,5.1,E
20201201,20201218,C,3840000,4.5,4.8,E
20201201,20201218,C,3845000,4.2,4.4,E
20201201,20201218,C,3850000,3.8,4.1,E
20201201,20201218,C,3855000,3.6,3.8,E
20201201,20201218,C,3860000,3.3,3.6,E
20201201,20201218,C,3865000,3.1,3.3,E
20201201,20201218,C,3870000,2.9,3.1,E
20201201,20201218,C,3875000,2.7,2.85,E
20201201,20201218,C,3880000,2.5,2.7,E
20201201,20201218,C,3885000,2.35,2.5,E
20201201,20201218,C,3890000,2.2,2.35,E
20201201,20201218,C,3895000,2.05,2.2,E
20201201,20201218,C,3900000,1.9,2.1,E
20201201,20201218,C,3905000,1.8,1.95,E
20201201,20201218,C,3910000,1.7,1.85,E
20201201,20201218,C,3920000,1.45,1.6,E
20201201,20201218,C,3925000,1.4,1.5,E
20201201,20201218,C,3930000,1.3,1.45,E
20201201,20201218,C,3940000,1.15,1.3,E
20201201,20201218,C,3950000,1.0,1.15,E
20201201,20201218,C,3960000,0.85,1.0,E
20201201,20201218,C,3970000,0.75,0.9,E
20201201,20201218,C,3975000,0.7,0.85,E
20201201,20201218,C,3980000,0.65,0.8,E
20201201,20201218,C,3990000,0.55,0.7,E
20201201,20201218,C,4000000,0.5,0.65,E
20201201,20201218,C,4025000,0.35,0.5,E
20201201,20201218,C,4050000,0.25,0.4,E
20201201,20201218,C,4075000,0.15,0.3,E
20201201,20201218,C,4100000,0.1,0.2,E
20201201,20201218,C,4125000,0.1,0.25,E
20201201,20201218,C,4150000,0.05,0.2,E
20201201,20201218,C,4175000,0.05,0.2,E
20201201,20201218,C,4200000,0.1,0.15,E
20201201,20201218,C,4300000,0.05,0.15,E
20201201,20201218,C,4400000,0.0,0.1,E
20201201,20201218,C,4500000,0.0,0.1,E
20201201,20201218,C,4600000,0.0,0.1,E
20201201,20201218,C,4700000,0.0,0.1,E
20201201,20201218,C,4800000,0.0,0.1,E
20201201,20201218,C,4900000,0.0,0.1,E
20201201,20201218,C,5000000,0.0,0.1,E
20201201,20201218,C,5100000,0.0,0.1,E
20201201,20201218,C,5200000,0.0,0.1,E
20201201,20201218,C,5300000,0.0,0.05,E
20201201,20201218,C,5400000,0.0,0.1,E
20201201,20201218,P,100000,0.0,0.05,E
20201201,20201218,P,200000,0.0,0.05,E
20201201,20201218,P,300000,0.0,0.05,E
20201201,20201218,P,400000,0.0,0.05,E
20201201,20201218,P,500000,0.0,0.05,E
20201201,20201218,P,600000,0.0,0.05,E
20201201,20201218,P,650000,0.0,0.05,E
20201201,20201218,P,700000,0.0,0.05,E
20201201,20201218,P,750000,0.0,0.05,E
20201201,20201218,P,800000,0.0,0.05,E
20201201,20201218,P,850000,0.0,0.05,E
20201201,20201218,P,900000,0.0,0.05,E
20201201,20201218,P,950000,0.0,0.05,E
20201201,20201218,P,1000000,0.0,0.05,E
20201201,20201218,P,1050000,0.0,0.05,E
20201201,20201218,P,1100000,0.0,0.05,E
20201201,20201218,P,1150000,0.0,0.05,E
20201201,20201218,P,1200000,0.0,0.05,E
20201201,20201218,P,1225000,0.0,0.05,E
20201201,20201218,P,1250000,0.0,0.05,E
20201201,20201218,P,1275000,0.0,0.05,E
20201201,20201218,P,1300000,0.0,0.05,E
20201201,20201218,P,1325000,0.0,0.1,E
20201201,20201218,P,1350000,0.0,0.1,E
20201201,20201218,P,1375000,0.0,0.1,E
20201201,20201218,P,1400000,0.0,0.1,E
20201201,20201218,P,1425000,0.0,0.1,E
20201201,20201218,P,1450000,0.0,0.1,E
20201201,20201218,P,1475000,0.0,0.1,E
20201201,20201218,P,1500000,0.0,0.1,E
20201201,20201218,P,1525000,0.0,0.1,E
20201201,20201218,P,1550000,0.0,0.1,E
20201201,20201218,P,1575000,0.0,0.1,E
20201201,20201218,P,1600000,0.0,0.05,E
20201201,20201218,P,1625000,0.0,0.1,E
20201201,20201218,P,1650000,0.0,0.1,E
20201201,20201218,P,1675000,0.0,0.1,E
20201201,20201218,P,1700000,0.0,0.1,E
20201201,20201218,P,1725000,0.0,0.1,E
20201201,20201218,P,1750000,0.0,0.1,E
20201201,20201218,P,1775000,0.0,0.1,E
20201201,20201218,P,1800000,0.0,0.1,E
20201201,20201218,P,1825000,0.0,0.1,E
20201201,20201218,P,1850000,0.0,0.1,E
20201201,20201218,P,1875000,0.0,0.15,E
20201201,20201218,P,1900000,0.0,0.15,E
20201201,20201218,P,1925000,0.0,0.15,E
20201201,20201218,P,1950000,0.0,0.15,E
20201201,20201218,P,1975000,0.0,0.15,E
20201201,20201218,P,2000000,0.05,0.1,E
20201201,20201218,P,2025000,0.05,0.15,E
20201201,20201218,P,2050000,0.05,0.2,E
20201201,20201218,P,2075000,0.05,0.2,E
20201201,20201218,P,2100000,0.05,0.2,E
20201201,20201218,P,2125000,0.1,0.2,E
20201201,20201218,P,2150000,0.1,0.2,E
20201201,20201218,P,2175000,0.1,0.25,E
20201201,20201218,P,2200000,0.1,0.25,E
20201201,20201218,P,2225000,0.15,0.25,E
20201201,20201218,P,2250000,0.2,0.3,E
20201201,20201218,P,2260000,0.15,0.3,E
20201201,20201218,P,2270000,0.15,0.3,E
20201201,20201218,P,2275000,0.15,0.3,E
20201201,20201218,P,2280000,0.15,0.3,E
20201201,20201218,P,2290000,0.15,0.3,E
20201201,20201218,P,2300000,0.2,0.3,E
20201201,20201218,P,2310000,0.2,0.3,E
20201201,20201218,P,2320000,0.2,0.35,E
20201201,20201218,P,2325000,0.2,0.35,E
20201201,20201218,P,2330000,0.2,0.35,E
20201201,20201218,P,2340000,0.2,0.35,E
20201201,20201218,P,2350000,0.2,0.35,E
20201201,20201218,P,2360000,0.25,0.35,E
20201201,20201218,P,2370000,0.25,0.35,E
20201201,20201218,P,2375000,0.25,0.35,E
20201201,20201218,P,2380000,0.25,0.4,E
20201201,20201218,P,2390000,0.25,0.4,E
20201201,20201218,P,2400000,0.25,0.4,E
20201201,20201218,P,2405000,0.25,0.4,E
20201201,20201218,P,2410000,0.25,0.4,E
20201201,20201218,P,2415000,0.25,0.4,E
20201201,20201218,P,2420000,0.3,0.4,E
20201201,20201218,P,2425000,0.3,0.4,E
20201201,20201218,P,2430000,0.3,0.4,E
20201201,20201218,P,2435000,0.3,0.45,E
20201201,20201218,P,2440000,0.3,0.45,E
20201201,20201218,P,2445000,0.3,0.45,E
20201201,20201218,P,2450000,0.3,0.45,E
20201201,20201218,P,2455000,0.3,0.45,E
20201201,20201218,P,2460000,0.3,0.45,E
20201201,20201218,P,2465000,0.35,0.45,E
20201201,20201218,P,2470000,0.35,0.45,E
20201201,20201218,P,2475000,0.35,0.45,E
20201201,20201218,P,2480000,0.35,0.5,E
20201201,20201218,P,2485000,0.35,0.5,E
20201201,20201218,P,2490000,0.35,0.5,E
20201201,20201218,P,2495000,0.35,0.5,E
20201201,20201218,P,2500000,0.35,0.5,E
20201201,20201218,P,2505000,0.4,0.5,E
20201201,20201218,P,2510000,0.4,0.5,E
20201201,20201218,P,2515000,0.4,0.5,E
20201201,20201218,P,2520000,0.4,0.55,E
20201201,20201218,P,2525000,0.4,0.55,E
20201201,20201218,P,2530000,0.4,0.55,E
20201201,20201218,P,2535000,0.4,0.55,E
20201201,20201218,P,2540000,0.45,0.55,E
20201201,20201218,P,2545000,0.45,0.55,E
20201201,20201218,P,2550000,0.45,0.55,E
20201201,20201218,P,2555000,0.45,0.6,E
20201201,20201218,P,2560000,0.45,0.6,E
20201201,20201218,P,2565000,0.45,0.6,E
20201201,20201218,P,2570000,0.5,0.6,E
20201201,20201218,P,2575000,0.5,0.6,E
20201201,20201218,P,2580000,0.5,0.6,E
20201201,20201218,P,2585000,0.5,0.65,E
20201201,20201218,P,2590000,0.5,0.65,E
20201201,20201218,P,2595000,0.5,0.65,E
20201201,20201218,P,2600000,0.55,0.65,E
20201201,20201218,P,2605000,0.55,0.65,E
20201201,20201218,P,2610000,0.55,0.65,E
20201201,20201218,P,2615000,0.55,0.7,E
20201201,20201218,P,2620000,0.55,0.7,E
20201201,20201218,P,2625000,0.6,0.7,E
20201201,20201218,P,2630000,0.6,0.7,E
20201201,20201218,P,2635000,0.6,0.7,E
20201201,20201218,P,2640000,0.6,0.7,E
20201201,20201218,P,2645000,0.6,0.75,E
20201201,20201218,P,2650000,0.65,0.75,E
20201201,20201218,P,2655000,0.65,0.75,E
20201201,20201218,P,2660000,0.65,0.75,E
20201201,20201218,P,2665000,0.65,0.75,E
20201201,20201218,P,2670000,0.65,0.8,E
20201201,20201218,P,2675000,0.7,0.8,E
20201201,20201218,P,2680000,0.7,0.8,E
20201201,20201218,P,2685000,0.7,0.8,E
20201201,20201218,P,2690000,0.7,0.8,E
20201201,20201218,P,2695000,0.7,0.85,E
20201201,20201218,P,2700000,0.75,0.85,E
20201201,20201218,P,2705000,0.75,0.85,E
20201201,20201218,P,2710000,0.75,0.85,E
20201201,20201218,P,2715000,0.75,0.9,E
20201201,20201218,P,2720000,0.75,0.9,E
20201201,20201218,P,2725000,0.8,0.9,E
20201201,20201218,P,2730000,0.8,0.9,E
20201201,20201218,P,2735000,0.8,0.9,E
20201201,20201218,P,2740000,0.8,0.95,E
20201201,20201218,P,2745000,0.85,0.95,E
20201201,20201218,P,2750000,0.85,0.95,E
20201201,20201218,P,2755000,0.85,0.95,E
20201201,20201218,P,2760000,0.85,1.0,E
20201201,20201218,P,2765000,0.9,1.0,E
20201201,20201218,P,2770000,0.9,1.0,E
20201201,20201218,P,2775000,0.9,1.0,E
20201201,20201218,P,2780000,0.9,1.05,E
20201201,20201218,P,2785000,0.95,1.05,E
20201201,20201218,P,2790000,0.95,1.05,E
20201201,20201218,P,2795000,0.95,1.1,E
20201201,20201218,P,2800000,0.95,1.1,E
20201201,20201218,P,2805000,1.0,1.1,E
20201201,20201218,P,2810000,1.0,1.1,E
20201201,20201218,P,2815000,1.0,1.15,E
20201201,20201218,P,2820000,1.05,1.15,E
20201201,20201218,P,2825000,1.05,1.2,E
20201201,20201218,P,2830000,1.05,1.2,E
20201201,20201218,P,2835000,1.05,1.2,E
20201201,20201218,P,2840000,1.1,1.2,E
20201201,20201218,P,2845000,1.1,1.25,E
20201201,20201218,P,2850000,1.1,1.25,E
20201201,20201218,P,2855000,1.15,1.25,E
20201201,20201218,P,2860000,1.15,1.3,E
20201201,20201218,P,2865000,1.15,1.3,E
20201201,20201218,P,2870000,1.2,1.3,E
20201201,20201218,P,2875000,1.2,1.35,E
20201201,20201218,P,2880000,1.2,1.35,E
20201201,20201218,P,2885000,1.25,1.4,E
20201201,20201218,P,2890000,1.25,1.4,E
20201201,20201218,P,2895000,1.3,1.4,E
20201201,20201218,P,2900000,1.3,1.45,E
20201201,20201218,P,2905000,1.3,1.45,E
20201201,20201218,P,2910000,1.35,1.5,E
20201201,20201218,P,2915000,1.35,1.5,E
20201201,20201218,P,2920000,1.4,1.5,E
20201201,20201218,P,2925000,1.4,1.55,E
20201201,20201218,P,2930000,1.4,1.55,E
20201201,20201218,P,2935000,1.45,1.6,E
20201201,20201218,P,2940000,1.45,1.6,E
20201201,20201218,P,2945000,1.5,1.6,E
20201201,20201218,P,2950000,1.5,1.65,E
20201201,20201218,P,2955000,1.55,1.65,E
20201201,20201218,P,2960000,1.55,1.7,E
20201201,20201218,P,2965000,1.6,1.75,E
20201201,20201218,P,2970000,1.6,1.75,E
20201201,20201218,P,2975000,1.65,1.8,E
20201201,20201218,P,2980000,1.65,1.8,E
20201201,20201218,P,2985000,1.7,1.85,E
20201201,20201218,P,2990000,1.7,1.85,E
20201201,20201218,P,2995000,1.75,1.9,E
20201201,20201218,P,3000000,1.75,1.9,E
20201201,20201218,P,3005000,1.8,1.95,E
20201201,20201218,P,3010000,1.85,1.95,E
20201201,20201218,P,3015000,1.85,2.0,E
20201201,20201218,P,3020000,1.9,2.05,E
20201201,20201218,P,3025000,1.9,2.05,E
20201201,20201218,P,3030000,1.95,2.1,E
20201201,20201218,P,3035000,2.0,2.1,E
20201201,20201218,P,3040000,2.0,2.15,E
20201201,20201218,P,3045000,2.05,2.2,E
20201201,20201218,P,3050000,2.1,2.25,E
20201201,20201218,P,3055000,2.1,2.25,E
20201201,20201218,P,3060000,2.15,2.3,E
20201201,20201218,P,3065000,2.2,2.35,E
20201201,20201218,P,3070000,2.2,2.35,E
20201201,20201218,P,3075000,2.25,2.4,E
20201201,20201218,P,3080000,2.3,2.45,E
20201201,20201218,P,3085000,2.35,2.5,E
20201201,20201218,P,3090000,2.4,2.55,E
20201201,20201218,P,3095000,2.4,2.55,E
20201201,20201218,P,3100000,2.45,2.6,E
20201201,20201218,P,3105000,2.5,2.65,E
20201201,20201218,P,3110000,2.55,2.7,E
20201201,20201218,P,3115000,2.6,2.75,E
20201201,20201218,P,3120000,2.65,2.8,E
20201201,20201218,P,3125000,2.7,2.8,E
20201201,20201218,P,3130000,2.75,2.85,E
20201201,20201218,P,3135000,2.8,2.9,E
20201201,20201218,P,3140000,2.85,2.95,E
20201201,20201218,P,3145000,2.9,3.0,E
20201201,20201218,P,3150000,2.95,3.1,E
20201201,20201218,P,3155000,3.0,3.2,E
20201201,20201218,P,3160000,3.0,3.2,E
20201201,20201218,P,3165000,3.1,3.3,E
20201201,20201218,P,3170000,3.1,3.3,E
20201201,20201218,P,3175000,3.2,3.4,E
20201201,20201218,P,3180000,3.3,3.5,E
20201201,20201218,P,3185000,3.3,3.5,E
20201201,20201218,P,3190000,3.4,3.6,E
20201201,20201218,P,3195000,3.4,3.7,E
20201201,20201218,P,3200000,3.5,3.7,E
20201201,20201218,P,3205000,3.6,3.8,E
20201201,20201218,P,3210000,3.7,3.9,E
20201201,20201218,P,3215000,3.7,3.9,E
20201201,20201218,P,3220000,3.8,4.0,E
20201201,20201218,P,3225000,3.9,4.1,E
20201201,20201218,P,3230000,4.0,4.2,E
20201201,20201218,P,3235000,4.1,4.3,E
20201201,20201218,P,3240000,4.1,4.4,E
20201201,20201218,P,3245000,4.2,4.5,E
20201201,20201218,P,3250000,4.3,4.5,E
20201201,20201218,P,3255000,4.4,4.6,E
20201201,20201218,P,3260000,4.5,4.7,E
20201201,20201218,P,3265000,4.6,4.9,E
20201201,20201218,P,3270000,4.7,5.0,E
20201201,20201218,P,3275000,4.8,5.1,E
20201201,20201218,P,3280000,5.0,5.2,E
20201201,20201218,P,3285000,5.1,5.3,E
20201201,20201218,P,3290000,5.2,5.4,E
20201201,20201218,P,3295000,5.3,5.6,E
20201201,20201218,P,3300000,5.5,5.7,E
20201201,20201218,P,3305000,5.6,5.8,E
20201201,20201218,P,3310000,5.7,6.0,E
20201201,20201218,P,3315000,5.9,6.1,E
20201201,20201218,P,3320000,6.0,6.3,E
20201201,20201218,P,3325000,6.2,6.4,E
20201201,20201218,P,3330000,6.3,6.6,E
20201201,20201218,P,3335000,6.5,6.8,E
20201201,20201218,P,3340000,6.7,6.9,E
20201201,20201218,P,3345000,6.9,7.1,E
20201201,20201218,P,3350000,7.0,7.3,E
20201201,20201218,P,3355000,7.2,7.5,E
20201201,20201218,P,3360000,7.4,7.7,E
20201201,20201218,P,3365000,7.6,7.9,E
20201201,20201218,P,3370000,7.9,8.1,E
20201201,20201218,P,3375000,8.1,8.4,E
20201201,20201218,P,3380000,8.3,8.6,E
20201201,20201218,P,3385000,8.6,8.8,E
20201201,20201218,P,3390000,8.8,9.1,E
20201201,20201218,P,3395000,9.1,9.3,E
20201201,20201218,P,3400000,9.3,9.6,E
20201201,20201218,P,3405000,9.6,9.9,E
20201201,20201218,P,3410000,9.9,10.2,E
20201201,20201218,P,3415000,10.2,10.5,E
20201201,20201218,P,3420000,10.5,10.8,E
20201201,20201218,P,3425000,10.8,11.1,E
20201201,20201218,P,3430000,11.2,11.5,E
20201201,20201218,P,3435000,11.5,11.8,E
20201201,20201218,P,3440000,11.9,12.2,E
20201201,20201218,P,3445000,12.2,12.5,E
20201201,20201218,P,3450000,12.6,12.9,E
20201201,20201218,P,3455000,13.0,13.3,E
20201201,20201218,P,3460000,13.4,13.7,E
20201201,20201218,P,3465000,13.8,14.2,E
20201201,20201218,P,3470000,14.3,14.6,E
20201201,20201218,P,3475000,14.7,15.1,E
20201201,20201218,P,3480000,15.2,15.6,E
20201201,20201218,P,3485000,15.7,16.1,E
20201201,20201218,P,3490000,16.2,16.6,E
20201201,20201218,P,3495000,16.7,17.1,E
20201201,20201218,P,3500000,17.3,17.7,E
20201201,20201218,P,3505000,17.9,18.3,E
20201201,20201218,P,3510000,18.5,18.9,E
20201201,20201218,P,3515000,19.1,19.5,E
20201201,20201218,P,3520000,19.8,20.1,E
20201201,20201218,P,3525000,20.4,20.8,E
20201201,20201218,P,3530000,21.1,21.5,E
20201201,20201218,P,3535000,21.8,22.2,E
20201201,20201218,P,3540000,22.6,23.0,E
20201201,20201218,P,3545000,23.4,23.8,E
20201201,20201218,P,3550000,24.2,24.6,E
20201201,20201218,P,3555000,25.0,25.5,E
20201201,20201218,P,3560000,25.9,26.4,E
20201201,20201218,P,3565000,26.9,27.3,E
20201201,20201218,P,3570000,27.8,28.3,E
20201201,20201218,P,3575000,28.8,29.3,E
20201201,20201218,P,3580000,29.9,30.3,E
20201201,20201218,P,3585000,31.0,31.4,E
20201201,20201218,P,3590000,32.1,32.6,E
20201201,20201218,P,3595000,33.3,33.8,E
20201201,20201218,P,3600000,34.6,35.0,E
20201201,20201218,P,3605000,35.9,36.4,E
20201201,20201218,P,3610000,37.2,37.7,E
20201201,20201218,P,3615000,38.6,39.2,E
20201201,20201218,P,3620000,40.1,40.7,E
20201201,20201218,P,3625000,41.7,42.2,E
20201201,20201218,P,3630000,43.3,43.8,E
20201201,20201218,P,3635000,45.0,45.5,E
20201201,20201218,P,3640000,46.7,47.3,E
20201201,20201218,P,3645000,48.5,49.2,E
20201201,20201218,P,3650000,50.5,51.1,E
20201201,20201218,P,3655000,52.5,53.1,E
20201201,20201218,P,3660000,54.5,55.2,E
20201201,20201218,P,3665000,56.7,57.3,E
20201201,20201218,P,3670000,59.0,59.6,E
20201201,20201218,P,3675000,61.3,62.0,E
20201201,20201218,P,3680000,63.7,64.4,E
20201201,20201218,P,3685000,66.2,67.0,E
20201201,20201218,P,3690000,68.8,69.6,E
20201201,20201218,P,3695000,71.4,72.3,E
20201201,20201218,P,3700000,74.2,75.1,E
20201201,20201218,P,3705000,77.0,78.0,E
20201201,20201218,P,3710000,80.1,81.0,E
20201201,20201218,P,3715000,83.2,84.1,E
20201201,20201218,P,3720000,86.2,87.3,E
20201201,20201218,P,3725000,89.5,90.5,E
20201201,20201218,P,3730000,92.8,93.9,E
20201201,20201218,P,3735000,96.2,97.3,E
20201201,20201218,P,3740000,99.7,100.8,E
20201201,20201218,P,3745000,103.3,104.4,E
20201201,20201218,P,3750000,105.7,111.2,E
20201201,20201218,P,3755000,107.2,115.1,E
20201201,20201218,P,3760000,112.2,119.1,E
20201201,20201218,P,3765000,115.9,123.1,E
20201201,20201218,P,3770000,119.7,127.2,E
20201201,20201218,P,3775000,123.7,131.3,E
20201201,20201218,P,3780000,127.6,135.5,E
20201201,20201218,P,3785000,133.1,138.3,E
20201201,20201218,P,3790000,132.9,142.5,E
20201201,20201218,P,3795000,137.1,146.8,E
20201201,20201218,P,3800000,145.8,151.0,E
20201201,20201218,P,3805000,147.6,155.5,E
20201201,20201218,P,3810000,152.0,160.0,E
20201201,20201218,P,3815000,156.5,164.5,E
20201201,20201218,P,3820000,161.0,169.0,E
20201201,20201218,P,3825000,165.5,173.4,E
20201201,20201218,P,3830000,170.1,178.1,E
20201201,20201218,P,3835000,174.7,182.7,E
20201201,20201218,P,3840000,179.4,187.4,E
20201201,20201218,P,3845000,183.6,192.1,E
20201201,20201218,P,3850000,188.3,196.7,E
20201201,20201218,P,3855000,193.0,201.8,E
20201201,20201218,P,3860000,197.7,206.2,E
20201201,20201218,P,3865000,202.5,211.3,E
20201201,20201218,P,3870000,207.7,216.1,E
20201201,20201218,P,3875000,212.5,220.7,E
20201201,20201218,P,3880000,217.3,225.7,E
20201201,20201218,P,3885000,222.2,230.2,E
20201201,20201218,P,3890000,227.0,235.4,E
20201201,20201218,P,3895000,231.9,239.9,E
20201201,20201218,P,3900000,236.8,244.8,E
20201201,20201218,P,3905000,241.6,250.0,E
20201201,20201218,P,3910000,246.5,254.9,E
20201201,20201218,P,3920000,256.3,264.7,E
20201201,20201218,P,3925000,263.5,269.4,E
20201201,20201218,P,3930000,266.1,274.5,E
20201201,20201218,P,3940000,276.0,284.0,E
20201201,20201218,P,3950000,285.9,293.9,E
20201201,20201218,P,3960000,295.7,303.8,E
20201201,20201218,P,3970000,305.6,313.7,E
20201201,20201218,P,3975000,310.5,318.7,E
20201201,20201218,P,3980000,315.5,323.6,E
20201201,20201218,P,3990000,325.4,333.5,E
20201201,20201218,P,4000000,335.3,343.5,E
20201201,20201218,P,4025000,360.3,368.4,E
20201201,20201218,P,4050000,385.1,393.3,E
20201201,20201218,P,4075000,410.1,418.1,E
20201201,20201218,P,4100000,435.0,443.1,E
20201201,20201218,P,4125000,460.0,468.1,E
20201201,20201218,P,4150000,484.9,493.0,E
20201201,20201218,P,4175000,509.9,518.0,E
20201201,20201218,P,4200000,534.9,543.0,E
20201201,20201218,P,4300000,634.9,642.9,E
20201201,20201218,P,4400000,734.8,742.9,E
20201201,20201218,P,4500000,834.8,842.9,E
20201201,20201218,P,4600000,934.8,942.8,E
20201201,20201218,P,4700000,1034.1,1042.9,E
20201201,20201218,P,4800000,1132.2,1144.9,E
20201201,20201218,P,4900000,1232.2,1244.8,E
20201201,20201218,P,5000000,1332.2,1344.8,E
20201201,20201218,P,5100000,1428.3,1451.2,E
20201201,20201218,P,5200000,1528.2,1551.1,E
20201201,20201218,P,5300000,1628.2,1651.1,E
20201201,20201218,P,5400000,1728.2,1751.1,E
20201201,20210115,C,100000,3544.8,3567.7,E
20201201,20210115,C,200000,3444.9,3467.8,E
20201201,20210115,C,300000,3345.0,3367.9,E
20201201,20210115,C,400000,3245.0,3267.9,E
20201201,20210115,C,500000,3145.1,3168.0,E
20201201,20210115,C,600000,3045.2,3068.1,E
20201201,20210115,C,700000,2950.3,2965.8,E
20201201,20210115,C,800000,2850.3,2865.9,E
20201201,20210115,C,900000,2750.4,2765.9,E
20201201,20210115,C,1000000,2650.5,2666.0,E
20201201,20210115,C,1100000,2550.6,2566.1,E
20201201,20210115,C,1150000,2500.7,2516.2,E
20201201,20210115,C,1200000,2450.7,2466.2,E
20201201,20210115,C,1225000,2425.8,2441.2,E
20201201,20210115,C,1250000,2400.8,2416.3,E
20201201,20210115,C,1300000,2350.8,2366.3,E
20201201,20210115,C,1325000,2325.9,2341.3,E
20201201,20210115,C,1350000,2300.9,2316.3,E
20201201,20210115,C,1375000,2275.9,2291.4,E
20201201,20210115,C,1400000,2250.9,2266.4,E
20201201,20210115,C,1425000,2226.0,2241.4,E
20201201,20210115,C,1450000,2201.0,2216.4,E
20201201,20210115,C,1475000,2176.0,2191.5,E
20201201,20210115,C,1500000,2151.1,2166.5,E
20201201,20210115,C,1525000,2126.1,2141.5,E
20201201,20210115,C,1550000,2101.1,2116.6,E
20201201,20210115,C,1575000,2076.1,2091.6,E
20201201,20210115,C,1600000,2051.2,2066.6,E
20201201,20210115,C,1625000,2026.2,2041.6,E
20201201,20210115,C,1650000,2001.2,2016.7,E
20201201,20210115,C,1675000,1976.3,1991.7,E
20201201,20210115,C,1700000,1951.3,1966.8,E
20201201,20210115,C,1725000,1926.3,1941.8,E
20201201,20210115,C,1750000,1901.4,1916.8,E
20201201,20210115,C,1775000,1876.4,1891.9,E
20201201,20210115,C,1800000,1851.4,1866.9,E
20201201,20210115,C,1825000,1826.5,1842.0,E
20201201,20210115,C,1850000,1801.5,1817.0,E
20201201,20210115,C,1875000,1776.6,1792.1,E
20201201,20210115,C,1900000,1751.6,1767.1,E
20201201,20210115,C,1925000,1726.7,1742.2,E
20201201,20210115,C,1950000,1701.7,1717.2,E
20201201,20210115,C,1975000,1676.8,1692.3,E
20201201,20210115,C,2000000,1651.8,1667.3,E
20201201,20210115,C,2025000,1626.9,1642.4,E
20201201,20210115,C,2050000,1601.9,1617.4,E
20201201,20210115,C,2075000,1577.0,1592.5,E
20201201,20210115,C,2100000,1552.0,1567.6,E
20201201,20210115,C,2125000,1527.1,1542.6,E
20201201,20210115,C,2150000,1502.2,1517.7,E
20201201,20210115,C,2175000,1477.2,1492.8,E
20201201,20210115,C,2200000,1452.3,1467.8,E
20201201,20210115,C,2225000,1427.4,1442.9,E
20201201,20210115,C,2250000,1402.4,1418.0,E
20201201,20210115,C,2260000,1392.5,1408.0,E
20201201,20210115,C,2270000,1382.5,1398.1,E
20201201,20210115,C,2275000,1377.5,1393.1,E
20201201,20210115,C,2280000,1372.5,1388.1,E
20201201,20210115,C,2290000,1362.6,1378.1,E
20201201,20210115,C,2300000,1352.6,1368.2,E
20201201,20210115,C,2310000,1342.7,1358.2,E
20201201,20210115,C,2320000,1332.7,1348.3,E
20201201,20210115,C,2325000,1327.7,1343.3,E
20201201,20210115,C,2330000,1322.7,1338.3,E
20201201,20210115,C,2340000,1312.8,1328.3,E
20201201,20210115,C,2350000,1302.8,1318.4,E
20201201,20210115,C,2360000,1292.8,1308.4,E
20201201,20210115,C,2370000,1282.9,1298.5,E
20201201,20210115,C,2375000,1277.9,1293.5,E
20201201,20210115,C,2380000,1272.9,1288.5,E
20201201,20210115,C,2390000,1263.0,1278.5,E
20201201,20210115,C,2400000,1253.0,1268.6,E
20201201,20210115,C,2410000,1243.1,1258.6,E
20201201,20210115,C,2420000,1233.1,1248.7,E
20201201,20210115,C,2425000,1228.1,1243.7,E
20201201,20210115,C,2430000,1223.1,1238.7,E
20201201,20210115,C,2440000,1213.2,1228.8,E
20201201,20210115,C,2450000,1203.2,1218.8,E
20201201,20210115,C,2460000,1193.3,1208.9,E
20201201,20210115,C,2470000,1183.3,1198.9,E
20201201,20210115,C,2475000,1178.4,1194.0,E
20201201,20210115,C,2480000,1173.4,1189.0,E
20201201,20210115,C,2490000,1163.5,1179.1,E
20201201,20210115,C,2500000,1153.5,1169.1,E
20201201,20210115,C,2510000,1143.6,1159.2,E
20201201,20210115,C,2520000,1133.6,1149.2,E
20201201,20210115,C,2525000,1128.7,1144.3,E
20201201,20210115,C,2530000,1123.7,1139.3,E
20201201,20210115,C,2540000,1113.7,1129.4,E
20201201,20210115,C,2550000,1103.8,1119.4,E
20201201,20210115,C,2560000,1093.9,1109.5,E
20201201,20210115,C,2570000,1087.2,1099.6,E
20201201,20210115,C,2575000,1082.3,1094.6,E
20201201,20210115,C,2580000,1077.3,1089.6,E
20201201,20210115,C,2590000,1067.4,1079.7,E
20201201,20210115,C,2600000,1057.5,1064.2,E
20201201,20210115,C,2610000,1047.6,1059.9,E
20201201,20210115,C,2620000,1037.7,1049.9,E
20201201,20210115,C,2625000,1032.7,1045.0,E
20201201,20210115,C,2630000,1027.7,1034.5,E
20201201,20210115,C,2640000,1017.8,1030.1,E
20201201,20210115,C,2650000,1007.9,1020.2,E
20201201,20210115,C,2660000,998.0,1010.3,E
20201201,20210115,C,2670000,988.1,996.5,E
20201201,20210115,C,2675000,983.2,991.6,E
20201201,20210115,C,2680000,978.2,986.6,E
20201201,20210115,C,2690000,968.3,976.7,E
20201201,20210115,C,2700000,958.4,966.8,E
20201201,20210115,C,2710000,948.5,956.9,E
20201201,20210115,C,2720000,938.6,947.0,E
20201201,20210115,C,2725000,933.7,942.0,E
20201201,20210115,C,2730000,928.7,937.1,E
20201201,20210115,C,2740000,918.8,927.2,E
20201201,20210115,C,2750000,909.0,917.3,E
20201201,20210115,C,2760000,899.1,907.4,E
20201201,20210115,C,2770000,889.2,897.5,E
20201201,20210115,C,2775000,884.3,892.6,E
20201201,20210115,C,2780000,879.4,887.6,E
20201201,20210115,C,2790000,869.5,877.8,E
20201201,20210115,C,2800000,859.6,867.9,E
20201201,20210115,C,2810000,849.8,858.0,E
20201201,20210115,C,2820000,839.9,848.2,E
20201201,20210115,C,2825000,835.0,843.2,E
20201201,20210115,C,2830000,830.1,838.3,E
20201201,20210115,C,2840000,820.3,828.4,E
20201201,20210115,C,2850000,810.4,818.6,E
20201201,20210115,C,2855000,805.5,811.8,E
20201201,20210115,C,2860000,800.6,806.9,E
20201201,20210115,C,2865000,795.7,803.8,E
20201201,20210115,C,2870000,790.8,798.9,E
20201201,20210115,C,2875000,785.9,794.0,E
20201201,20210115,C,2880000,780.9,789.1,E
20201201,20210115,C,2885000,776.0,782.3,E
20201201,20210115,C,2890000,771.1,779.2,E
20201201,20210115,C,2895000,766.2,774.3,E
20201201,20210115,C,2900000,761.3,769.4,E
20201201,20210115,C,2905000,756.4,764.5,E
20201201,20210115,C,2910000,751.5,759.6,E
20201201,20210115,C,2915000,746.6,754.7,E
20201201,20210115,C,2920000,741.7,747.9,E
20201201,20210115,C,2925000,736.8,744.9,E
20201201,20210115,C,2930000,731.9,738.1,E
20201201,20210115,C,2935000,727.0,733.2,E
20201201,20210115,C,2940000,722.2,728.3,E
20201201,20210115,C,2945000,717.3,723.4,E
20201201,20210115,C,2950000,712.4,720.4,E
20201201,20210115,C,2955000,707.5,713.6,E
20201201,20210115,C,2960000,702.6,710.7,E
20201201,20210115,C,2965000,697.8,703.9,E
20201201,20210115,C,2970000,692.9,699.0,E
20201201,20210115,C,2975000,688.0,696.0,E
20201201,20210115,C,2980000,683.1,689.2,E
20201201,20210115,C,2985000,678.3,684.3,E
20201201,20210115,C,2990000,673.4,679.5,E
20201201,20210115,C,2995000,668.5,674.6,E
20201201,20210115,C,3000000,663.7,671.7,E
20201201,20210115,C,3005000,658.8,664.9,E
20201201,20210115,C,3010000,654.0,660.0,E
20201201,20210115,C,3015000,649.1,655.2,E
20201201,20210115,C,3020000,644.3,650.3,E
20201201,20210115,C,3025000,639.4,647.9,E
20201201,20210115,C,3030000,634.6,640.6,E
20201201,20210115,C,3035000,629.8,635.8,E
20201201,20210115,C,3040000,624.9,630.9,E
20201201,20210115,C,3045000,620.1,626.1,E
20201201,20210115,C,3050000,615.3,623.6,E
20201201,20210115,C,3055000,610.4,616.4,E
20201201,20210115,C,3060000,605.6,611.6,E
20201201,20210115,C,3065000,600.8,606.7,E
20201201,20210115,C,3070000,595.9,601.9,E
20201201,20210115,C,3075000,590.2,596.9,E
20201201,20210115,C,3080000,585.2,592.3,E
20201201,20210115,C,3085000,580.4,587.4,E
20201201,20210115,C,3090000,575.6,582.6,E
20201201,20210115,C,3095000,570.8,577.8,E
20201201,20210115,C,3100000,566.2,572.8,E
20201201,20210115,C,3105000,561.2,568.2,E
20201201,20210115,C,3110000,556.4,563.4,E
20201201,20210115,C,3115000,551.6,558.6,E
20201201,20210115,C,3120000,546.8,553.8,E
20201201,20210115,C,3125000,542.2,548.9,E
20201201,20210115,C,3130000,537.2,544.3,E
20201201,20210115,C,3135000,532.5,539.5,E
20201201,20210115,C,3140000,527.7,534.7,E
20201201,20210115,C,3145000,522.9,530.0,E
20201201,20210115,C,3150000,518.4,525.0,E
20201201,20210115,C,3155000,513.4,520.4,E
20201201,20210115,C,3160000,508.7,515.7,E
20201201,20210115,C,3165000,503.9,510.9,E
20201201,20210115,C,3170000,499.2,506.2,E
20201201,20210115,C,3175000,494.7,501.3,E
20201201,20210115,C,3180000,489.7,496.7,E
20201201,20210115,C,3185000,485.0,492.0,E
20201201,20210115,C,3190000,480.3,487.3,E
20201201,20210115,C,3195000,475.6,482.6,E
20201201,20210115,C,3200000,471.1,477.7,E
20201201,20210115,C,3205000,466.2,473.2,E
20201201,20210115,C,3210000,461.5,468.5,E
20201201,20210115,C,3215000,456.8,463.8,E
20201201,20210115,C,3220000,452.2,459.1,E
20201201,20210115,C,3225000,447.7,454.3,E
20201201,20210115,C,3230000,442.8,449.8,E
20201201,20210115,C,3235000,438.2,445.1,E
20201201,20210115,C,3240000,433.5,440.5,E
20201201,20210115,C,3245000,428.9,435.8,E
20201201,20210115,C,3250000,424.4,431.0,E
20201201,20210115,C,3255000,419.6,426.5,E
20201201,20210115,C,3260000,415.0,421.9,E
20201201,20210115,C,3265000,410.3,417.3,E
20201201,20210115,C,3270000,405.7,412.6,E
20201201,20210115,C,3275000,401.3,407.8,E
20201201,20210115,C,3280000,396.5,403.4,E
20201201,20210115,C,3285000,392.0,398.9,E
20201201,20210115,C,3290000,387.4,394.3,E
20201201,20210115,C,3295000,382.8,389.7,E
20201201,20210115,C,3300000,378.5,385.0,E
20201201,20210115,C,3305000,373.7,380.6,E
20201201,20210115,C,3310000,369.2,376.0,E
20201201,20210115,C,3315000,364.6,371.5,E
20201201,20210115,C,3320000,360.1,367.0,E
20201201,20210115,C,3325000,355.8,362.3,E
20201201,20210115,C,3330000,351.1,357.9,E
20201201,20210115,C,3335000,346.6,353.4,E
20201201,20210115,C,3340000,342.1,348.9,E
20201201,20210115,C,3345000,337.6,344.5,E
20201201,20210115,C,3350000,333.4,339.8,E
20201201,20210115,C,3355000,328.7,335.5,E
20201201,20210115,C,3360000,324.3,331.1,E
20201201,20210115,C,3365000,321.4,327.0,E
20201201,20210115,C,3370000,317.0,322.5,E
20201201,20210115,C,3375000,310.4,318.1,E
20201201,20210115,C,3380000,308.2,313.6,E
20201201,20210115,C,3385000,303.8,309.2,E
20201201,20210115,C,3390000,299.4,304.8,E
20201201,20210115,C,3395000,295.1,300.4,E
20201201,20210115,C,3400000,288.7,296.0,E
20201201,20210115,C,3405000,286.4,291.6,E
20201201,20210115,C,3410000,282.1,287.3,E
20201201,20210115,C,3415000,276.2,282.9,E
20201201,20210115,C,3420000,271.5,278.6,E
20201201,20210115,C,3425000,267.3,274.3,E
20201201,20210115,C,3430000,264.9,270.0,E
20201201,20210115,C,3435000,260.6,265.7,E
20201201,20210115,C,3440000,256.4,261.4,E
20201201,20210115,C,3445000,252.2,257.1,E
20201201,20210115,C,3450000,248.0,252.9,E
20201201,20210115,C,3455000,243.2,248.6,E
20201201,20210115,C,3460000,239.6,244.4,E
20201201,20210115,C,3465000,234.8,240.2,E
20201201,20210115,C,3470000,231.3,236.0,E
20201201,20210115,C,3475000,227.2,231.9,E
20201201,20210115,C,3480000,224.8,226.1,E
20201201,20210115,C,3485000,220.7,222.0,E
20201201,20210115,C,3490000,216.6,217.9,E
20201201,20210115,C,3495000,212.6,213.9,E
20201201,20210115,C,3500000,208.5,209.8,E
20201201,20210115,C,3505000,204.5,205.8,E
20201201,20210115,C,3510000,200.5,201.8,E
20201201,20210115,C,3515000,196.6,197.9,E
20201201,20210115,C,3520000,192.7,193.9,E
20201201,20210115,C,3525000,188.7,190.0,E
20201201,20210115,C,3530000,184.8,186.1,E
20201201,20210115,C,3535000,181.0,182.2,E
20201201,20210115,C,3540000,177.2,178.4,E
20201201,20210115,C,3545000,173.3,174.5,E
20201201,20210115,C,3550000,169.6,170.8,E
20201201,20210115,C,3555000,165.7,166.9,E
20201201,20210115,C,3560000,162.0,163.2,E
20201201,20210115,C,3565000,158.3,159.5,E
20201201,20210115,C,3570000,154.6,155.8,E
20201201,20210115,C,3575000,151.0,152.2,E
20201201,20210115,C,3580000,147.3,148.5,E
20201201,20210115,C,3585000,143.7,144.9,E
20201201,20210115,C,3590000,140.1,141.3,E
20201201,20210115,C,3595000,136.6,137.8,E
20201201,20210115,C,3600000,133.1,134.3,E
20201201,20210115,C,3605000,129.7,130.8,E
20201201,20210115,C,3610000,126.3,127.4,E
20201201,20210115,C,3615000,122.9,123.9,E
20201201,20210115,C,3620000,119.5,120.7,E
20201201,20210115,C,3625000,116.3,117.4,E
20201201,20210115,C,3630000,113.1,114.1,E
20201201,20210115,C,3635000,109.9,110.8,E
20201201,20210115,C,3640000,106.7,107.7,E
20201201,20210115,C,3645000,103.6,104.5,E
20201201,20210115,C,3650000,100.5,101.4,E
20201201,20210115,C,3655000,97.5,98.4,E
20201201,20210115,C,3660000,94.5,95.4,E
20201201,20210115,C,3665000,91.5,92.4,E
20201201,20210115,C,3670000,88.6,89.5,E
20201201,20210115,C,3675000,85.8,86.7,E
20201201,20210115,C,3680000,83.0,83.9,E
20201201,20210115,C,3685000,80.2,81.1,E
20201201,20210115,C,3690000,77.5,78.4,E
20201201,20210115,C,3695000,74.9,75.7,E
20201201,20210115,C,3700000,72.3,73.1,E
20201201,20210115,C,3705000,69.8,70.6,E
20201201,20210115,C,3710000,67.4,68.1,E
20201201,20210115,C,3715000,65.0,65.7,E
20201201,20210115,C,3720000,62.6,63.3,E
20201201,20210115,C,3725000,60.3,61.0,E
20201201,20210115,C,3730000,58.1,58.7,E
20201201,20210115,C,3735000,55.9,56.5,E
20201201,20210115,C,3740000,53.8,54.4,E
20201201,20210115,C,3745000,51.7,52.3,E
20201201,20210115,C,3750000,49.7,50.3,E
20201201,20210115,C,3755000,47.7,48.3,E
20201201,20210115,C,3760000,45.8,46.4,E
20201201,20210115,C,3765000,43.9,44.5,E
20201201,20210115,C,3770000,42.1,42.7,E
20201201,20210115,C,3775000,40.4,40.9,E
20201201,20210115,C,3780000,38.7,39.2,E
20201201,20210115,C,3785000,37.0,37.6,E
20201201,20210115,C,3790000,35.5,36.0,E
20201201,20210115,C,3795000,33.9,34.4,E
20201201,20210115,C,3800000,32.5,32.9,E
20201201,20210115,C,3805000,31.0,31.5,E
20201201,20210115,C,3810000,29.7,30.1,E
20201201,20210115,C,3815000,28.3,28.8,E
20201201,20210115,C,3820000,27.0,27.5,E
20201201,20210115,C,3825000,25.8,26.2,E
20201201,20210115,C,3830000,24.6,25.0,E
20201201,20210115,C,3835000,23.4,23.9,E
20201201,20210115,C,3840000,22.3,22.8,E
20201201,20210115,C,3845000,21.3,21.7,E
20201201,20210115,C,3850000,20.3,20.7,E
20201201,20210115,C,3855000,19.3,19.8,E
20201201,20210115,C,3860000,18.4,18.8,E
20201201,20210115,C,3865000,17.5,17.9,E
20201201,20210115,C,3870000,16.7,17.1,E
20201201,20210115,C,3875000,15.9,16.3,E
20201201,20210115,C,3880000,15.1,15.5,E
20201201,20210115,C,3885000,14.4,14.8,E
20201201,20210115,C,3890000,13.7,14.1,E
20201201,20210115,C,3895000,13.0,13.4,E
20201201,20210115,C,3900000,12.4,12.8,E
20201201,20210115,C,3905000,11.8,12.2,E
20201201,20210115,C,3910000,11.2,11.6,E
20201201,20210115,C,3920000,10.2,10.6,E
20201201,20210115,C,3925000,9.7,10.1,E
20201201,20210115,C,3930000,9.2,9.6,E
20201201,20210115,C,3940000,8.4,8.8,E
20201201,20210115,C,3950000,7.6,8.0,E
20201201,20210115,C,3960000,6.9,7.3,E
20201201,20210115,C,3970000,6.3,6.6,E
20201201,20210115,C,3975000,6.0,6.3,E
20201201,20210115,C,3980000,5.7,6.1,E
20201201,20210115,C,3990000,5.2,5.5,E
20201201,20210115,C,4000000,4.8,5.0,E
20201201,20210115,C,4025000,3.8,4.1,E
20201201,20210115,C,4050000,3.1,3.3,E
20201201,20210115,C,4075000,2.5,2.7,E
20201201,20210115,C,4100000,2.0,2.2,E
20201201,20210115,C,4125000,1.65,1.85,E
20201201,20210115,C,4150000,1.35,1.55,E
20201201,20210115,C,4175000,1.1,1.3,E
20201201,20210115,C,4200000,0.9,1.05,E
20201201,20210115,C,4300000,0.4,0.55,E
20201201,20210115,C,4400000,0.2,0.35,E
20201201,20210115,C,4500000,0.15,0.3,E
20201201,20210115,C,4600000,0.05,0.25,E
20201201,20210115,C,4700000,0.05,0.2,E
20201201,20210115,C,4800000,0.05,0.1,E
20201201,20210115,C,4900000,0.0,0.15,E
20201201,20210115,C,5000000,0.0,0.15,E
20201201,20210115,C,5100000,0.0,0.15,E
20201201,20210115,C,5200000,0.0,0.15,E
20201201,20210115,C,5300000,0.0,0.15,E
20201201,20210115,C,5400000,0.0,0.15,E
20201201,20210115,P,100000,0.0,0.1,E
20201201,20210115,P,200000,0.0,0.1,E
20201201,20210115,P,300000,0.0,0.1,E
20201201,20210115,P,400000,0.0,0.1,E
20201201,20210115,P,500000,0.0,0.1,E
20201201,20210115,P,600000,0.0,0.1,E
20201201,20210115,P,700000,0.0,0.05,E
20201201,20210115,P,800000,0.0,0.05,E
20201201,20210115,P,900000,0.0,0.1,E
20201201,20210115,P,1000000,0.0,0.1,E
20201201,20210115,P,1100000,0.0,0.15,E
20201201,20210115,P,1150000,0.0,0.15,E
20201201,20210115,P,1200000,0.0,0.15,E
20201201,20210115,P,1225000,0.0,0.15,E
20201201,20210115,P,1250000,0.0,0.15,E
20201201,20210115,P,1300000,0.0,0.15,E
20201201,20210115,P,1325000,0.0,0.15,E
20201201,20210115,P,1350000,0.0,0.15,E
20201201,20210115,P,1375000,0.05,0.15,E
20201201,20210115,P,1400000,0.0,0.2,E
20201201,20210115,P,1425000,0.05,0.2,E
20201201,20210115,P,1450000,0.05,0.2,E
20201201,20210115,P,1475000,0.05,0.2,E
20201201,20210115,P,1500000,0.05,0.2,E
20201201,20210115,P,1525000,0.05,0.2,E
20201201,20210115,P,1550000,0.05,0.25,E
20201201,20210115,P,1575000,0.1,0.25,E
20201201,20210115,P,1600000,0.1,0.25,E
20201201,20210115,P,1625000,0.1,0.25,E
20201201,20210115,P,1650000,0.15,0.25,E
20201201,20210115,P,1675000,0.15,0.3,E
20201201,20210115,P,1700000,0.15,0.3,E
20201201,20210115,P,1725000,0.15,0.3,E
20201201,20210115,P,1750000,0.2,0.35,E
20201201,20210115,P,1775000,0.2,0.35,E
20201201,20210115,P,1800000,0.25,0.35,E
20201201,20210115,P,1825000,0.25,0.4,E
20201201,20210115,P,1850000,0.3,0.4,E
20201201,20210115,P,1875000,0.3,0.45,E
20201201,20210115,P,1900000,0.35,0.45,E
20201201,20210115,P,1925000,0.35,0.5,E
20201201,20210115,P,1950000,0.4,0.5,E
20201201,20210115,P,1975000,0.4,0.55,E
20201201,20210115,P,2000000,0.45,0.6,E
20201201,20210115,P,2025000,0.5,0.6,E
20201201,20210115,P,2050000,0.55,0.65,E
20201201,20210115,P,2075000,0.55,0.7,E
20201201,20210115,P,2100000,0.6,0.75,E
20201201,20210115,P,2125000,0.65,0.8,E
20201201,20210115,P,2150000,0.7,0.85,E
20201201,20210115,P,2175000,0.75,0.9,E
20201201,20210115,P,2200000,0.8,0.95,E
20201201,20210115,P,2225000,0.85,1.05,E
20201201,20210115,P,2250000,0.95,1.1,E
20201201,20210115,P,2260000,0.95,1.15,E
20201201,20210115,P,2270000,1.0,1.15,E
20201201,20210115,P,2275000,1.0,1.15,E
20201201,20210115,P,2280000,1.0,1.15,E
20201201,20210115,P,2290000,1.05,1.2,E
20201201,20210115,P,2300000,1.1,1.25,E
20201201,20210115,P,2310000,1.1,1.25,E
20201201,20210115,P,2320000,1.15,1.3,E
20201201,20210115,P,2325000,1.15,1.3,E
20201201,20210115,P,2330000,1.15,1.3,E
20201201,20210115,P,2340000,1.2,1.35,E
20201201,20210115,P,2350000,1.2,1.4,E
20201201,20210115,P,2360000,1.25,1.4,E
20201201,20210115,P,2370000,1.3,1.45,E
20201201,20210115,P,2375000,1.3,1.45,E
20201201,20210115,P,2380000,1.3,1.5,E
20201201,20210115,P,2390000,1.35,1.5,E
20201201,20210115,P,2400000,1.4,1.55,E
20201201,20210115,P,2410000,1.45,1.6,E
20201201,20210115,P,2420000,1.45,1.65,E
20201201,20210115,P,2425000,1.5,1.65,E
20201201,20210115,P,2430000,1.5,1.65,E
20201201,20210115,P,2440000,1.55,1.7,E
20201201,20210115,P,2450000,1.6,1.75,E
20201201,20210115,P,2460000,1.65,1.8,E
20201201,20210115,P,2470000,1.65,1.85,E
20201201,20210115,P,2475000,1.7,1.85,E
20201201,20210115,P,2480000,1.7,1.9,E
20201201,20210115,P,2490000,1.75,1.95,E
20201201,20210115,P,2500000,1.8,2.0,E
20201201,20210115,P,2510000,1.85,2.05,E
20201201,20210115,P,2520000,1.9,2.1,E
20201201,20210115,P,2525000,1.95,2.1,E
20201201,20210115,P,2530000,1.95,2.15,E
20201201,20210115,P,2540000,2.0,2.2,E
20201201,20210115,P,2550000,2.05,2.25,E
20201201,20210115,P,2560000,2.1,2.3,E
20201201,20210115,P,2570000,2.2,2.35,E
20201201,20210115,P,2575000,2.2,2.4,E
20201201,20210115,P,2580000,2.25,2.4,E
20201201,20210115,P,2590000,2.3,2.5,E
20201201,20210115,P,2600000,2.35,2.55,E
20201201,20210115,P,2610000,2.45,2.6,E
20201201,20210115,P,2620000,2.5,2.65,E
20201201,20210115,P,2625000,2.55,2.7,E
20201201,20210115,P,2630000,2.55,2.75,E
20201201,20210115,P,2640000,2.65,2.8,E
20201201,20210115,P,2650000,2.7,2.9,E
20201201,20210115,P,2660000,2.8,2.95,E
20201201,20210115,P,2670000,2.85,3.1,E
20201201,20210115,P,2675000,2.9,3.1,E
20201201,20210115,P,2680000,2.95,3.1,E
20201201,20210115,P,2690000,3.0,3.2,E
20201201,20210115,P,2700000,3.1,3.3,E
20201201,20210115,P,2710000,3.2,3.4,E
20201201,20210115,P,2720000,3.3,3.5,E
20201201,20210115,P,2725000,3.3,3.5,E
20201201,20210115,P,2730000,3.4,3.6,E
20201201,20210115,P,2740000,3.5,3.7,E
20201201,20210115,P,2750000,3.6,3.8,E
20201201,20210115,P,2760000,3.7,3.9,E
20201201,20210115,P,2770000,3.8,4.0,E
20201201,20210115,P,2775000,3.8,4.1,E
20201201,20210115,P,2780000,3.9,4.1,E
20201201,20210115,P,2790000,4.0,4.2,E
20201201,20210115,P,2800000,4.1,4.4,E
20201201,20210115,P,2810000,4.2,4.5,E
20201201,20210115,P,2820000,4.4,4.6,E
20201201,20210115,P,2825000,4.4,4.7,E
20201201,20210115,P,2830000,4.5,4.7,E
20201201,20210115,P,2840000,4.6,4.9,E
20201201,20210115,P,2850000,4.8,5.0,E
20201201,20210115,P,2855000,4.8,5.1,E
20201201,20210115,P,2860000,4.9,5.2,E
20201201,20210115,P,2865000,5.0,5.2,E
20201201,20210115,P,2870000,5.1,5.3,E
20201201,20210115,P,2875000,5.1,5.4,E
20201201,20210115,P,2880000,5.2,5.5,E
20201201,20210115,P,2885000,5.3,5.5,E
20201201,20210115,P,2890000,5.4,5.7,E
20201201,20210115,P,2895000,5.5,5.7,E
20201201,20210115,P,2900000,5.6,5.8,E
20201201,20210115,P,2905000,5.6,5.9,E
20201201,20210115,P,2910000,5.7,6.0,E
20201201,20210115,P,2915000,5.8,6.1,E
20201201,20210115,P,2920000,5.9,6.2,E
20201201,20210115,P,2925000,6.0,6.3,E
20201201,20210115,P,2930000,6.1,6.4,E
20201201,20210115,P,2935000,6.2,6.5,E
20201201,20210115,P,2940000,6.3,6.6,E
20201201,20210115,P,2945000,6.4,6.7,E
20201201,20210115,P,2950000,6.5,6.8,E
20201201,20210115,P,2955000,6.6,6.9,E
20201201,20210115,P,2960000,6.7,7.0,E
20201201,20210115,P,2965000,6.8,7.1,E
20201201,20210115,P,2970000,7.0,7.2,E
20201201,20210115,P,2975000,7.1,7.4,E
20201201,20210115,P,2980000,7.2,7.5,E
20201201,20210115,P,2985000,7.3,7.6,E
20201201,20210115,P,2990000,7.4,7.7,E
20201201,20210115,P,2995000,7.6,7.8,E
20201201,20210115,P,3000000,7.7,8.0,E
20201201,20210115,P,3005000,7.8,8.1,E
20201201,20210115,P,3010000,8.0,8.2,E
20201201,20210115,P,3015000,8.1,8.4,E
20201201,20210115,P,3020000,8.2,8.5,E
20201201,20210115,P,3025000,8.4,8.7,E
20201201,20210115,P,3030000,8.5,8.8,E
20201201,20210115,P,3035000,8.7,9.0,E
20201201,20210115,P,3040000,8.8,9.1,E
20201201,20210115,P,3045000,9.0,9.3,E
20201201,20210115,P,3050000,9.1,9.4,E
20201201,20210115,P,3055000,9.3,9.6,E
20201201,20210115,P,3060000,9.5,9.8,E
20201201,20210115,P,3065000,9.6,9.9,E
20201201,20210115,P,3070000,9.8,10.1,E
20201201,20210115,P,3075000,10.0,10.3,E
20201201,20210115,P,3080000,10.2,10.5,E
20201201,20210115,P,3085000,10.3,10.6,E
20201201,20210115,P,3090000,10.5,10.8,E
20201201,20210115,P,3095000,10.7,11.0,E
20201201,20210115,P,3100000,10.9,11.2,E
20201201,20210115,P,3105000,11.1,11.4,E
20201201,20210115,P,3110000,11.3,11.6,E
20201201,20210115,P,3115000,11.5,11.8,E
20201201,20210115,P,3120000,11.7,12.0,E
20201201,20210115,P,3125000,11.9,12.3,E
20201201,20210115,P,3130000,12.1,12.5,E
20201201,20210115,P,3135000,12.4,12.7,E
20201201,20210115,P,3140000,12.6,12.9,E
20201201,20210115,P,3145000,12.8,13.2,E
20201201,20210115,P,3150000,13.1,13.4,E
20201201,20210115,P,3155000,13.3,13.7,E
20201201,20210115,P,3160000,13.5,13.9,E
20201201,20210115,P,3165000,13.8,14.2,E
20201201,20210115,P,3170000,14.1,14.4,E
20201201,20210115,P,3175000,14.3,14.7,E
20201201,20210115,P,3180000,14.6,15.0,E
20201201,20210115,P,3185000,14.9,15.2,E
20201201,20210115,P,3190000,15.1,15.5,E
20201201,20210115,P,3195000,15.4,15.8,E
20201201,20210115,P,3200000,15.7,16.1,E
20201201,20210115,P,3205000,16.0,16.4,E
20201201,20210115,P,3210000,16.3,16.7,E
20201201,20210115,P,3215000,16.6,17.0,E
20201201,20210115,P,3220000,17.0,17.3,E
20201201,20210115,P,3225000,17.3,17.6,E
20201201,20210115,P,3230000,17.6,18.0,E
20201201,20210115,P,3235000,17.9,18.3,E
20201201,20210115,P,3240000,18.3,18.6,E
20201201,20210115,P,3245000,18.6,19.0,E
20201201,20210115,P,3250000,19.0,19.3,E
20201201,20210115,P,3255000,19.3,19.7,E
20201201,20210115,P,3260000,19.7,20.0,E
20201201,20210115,P,3265000,20.1,20.4,E
20201201,20210115,P,3270000,20.5,20.8,E
20201201,20210115,P,3275000,20.9,21.2,E
20201201,20210115,P,3280000,21.3,21.6,E
20201201,20210115,P,3285000,21.7,22.0,E
20201201,20210115,P,3290000,22.1,22.4,E
20201201,20210115,P,3295000,22.5,22.8,E
20201201,20210115,P,3300000,22.9,23.3,E
20201201,20210115,P,3305000,23.4,23.7,E
20201201,20210115,P,3310000,23.8,24.1,E
20201201,20210115,P,3315000,24.3,24.6,E
20201201,20210115,P,3320000,24.7,25.1,E
20201201,20210115,P,3325000,25.2,25.5,E
20201201,20210115,P,3330000,25.7,26.0,E
20201201,20210115,P,3335000,26.2,26.5,E
20201201,20210115,P,3340000,26.7,27.0,E
20201201,20210115,P,3345000,27.2,27.5,E
20201201,20210115,P,3350000,27.7,28.1,E
20201201,20210115,P,3355000,28.2,28.6,E
20201201,20210115,P,3360000,28.7,29.2,E
20201201,20210115,P,3365000,29.3,29.7,E
20201201,20210115,P,3370000,29.8,30.3,E
20201201,20210115,P,3375000,30.4,30.9,E
20201201,20210115,P,3380000,31.0,31.5,E
20201201,20210115,P,3385000,31.6,32.1,E
20201201,20210115,P,3390000,32.2,32.7,E
20201201,20210115,P,3395000,32.8,33.3,E
20201201,20210115,P,3400000,33.5,33.9,E
20201201,20210115,P,3405000,34.1,34.6,E
20201201,20210115,P,3410000,34.7,35.2,E
20201201,20210115,P,3415000,35.4,35.9,E
20201201,20210115,P,3420000,36.1,36.6,E
20201201,20210115,P,3425000,36.9,37.3,E
20201201,20210115,P,3430000,37.5,38.0,E
20201201,20210115,P,3435000,38.3,38.8,E
20201201,20210115,P,3440000,39.0,39.5,E
20201201,20210115,P,3445000,39.8,40.3,E
20201201,20210115,P,3450000,40.6,41.1,E
20201201,20210115,P,3455000,41.3,41.8,E
20201201,20210115,P,3460000,42.2,42.6,E
20201201,20210115,P,3465000,43.0,43.5,E
20201201,20210115,P,3470000,43.8,44.3,E
20201201,20210115,P,3475000,44.6,45.2,E
20201201,20210115,P,3480000,45.5,46.1,E
20201201,20210115,P,3485000,46.5,47.0,E
20201201,20210115,P,3490000,47.4,47.9,E
20201201,20210115,P,3495000,48.4,48.9,E
20201201,20210115,P,3500000,49.3,49.8,E
20201201,20210115,P,3505000,50.2,50.8,E
20201201,20210115,P,3510000,51.3,51.8,E
20201201,20210115,P,3515000,52.3,52.9,E
20201201,20210115,P,3520000,53.3,53.9,E
20201201,20210115,P,3525000,54.5,55.0,E
20201201,20210115,P,3530000,55.5,56.1,E
20201201,20210115,P,3535000,56.7,57.2,E
20201201,20210115,P,3540000,57.7,58.4,E
20201201,20210115,P,3545000,59.0,59.5,E
20201201,20210115,P,3550000,60.2,60.8,E
20201201,20210115,P,3555000,61.4,62.0,E
20201201,20210115,P,3560000,62.6,63.2,E
20201201,20210115,P,3565000,63.9,64.5,E
20201201,20210115,P,3570000,65.2,65.8,E
20201201,20210115,P,3575000,66.5,67.2,E
20201201,20210115,P,3580000,67.9,68.5,E
20201201,20210115,P,3585000,69.3,69.9,E
20201201,20210115,P,3590000,70.7,71.4,E
20201201,20210115,P,3595000,72.2,72.8,E
20201201,20210115,P,3600000,73.7,74.3,E
20201201,20210115,P,3605000,75.2,75.9,E
20201201,20210115,P,3610000,76.8,77.5,E
20201201,20210115,P,3615000,78.4,79.1,E
20201201,20210115,P,3620000,80.0,80.8,E
20201201,20210115,P,3625000,81.7,82.4,E
20201201,20210115,P,3630000,83.5,84.2,E
20201201,20210115,P,3635000,85.2,86.0,E
20201201,20210115,P,3640000,87.1,87.8,E
20201201,20210115,P,3645000,88.9,89.7,E
20201201,20210115,P,3650000,90.8,91.6,E
20201201,20210115,P,3655000,92.8,93.5,E
20201201,20210115,P,3660000,94.8,95.5,E
20201201,20210115,P,3665000,96.8,97.6,E
20201201,20210115,P,3670000,98.9,99.7,E
20201201,20210115,P,3675000,101.0,101.9,E
20201201,20210115,P,3680000,103.2,104.1,E
20201201,20210115,P,3685000,105.5,106.3,E
20201201,20210115,P,3690000,107.8,108.6,E
20201201,20210115,P,3695000,110.1,111.0,E
20201201,20210115,P,3700000,112.5,113.4,E
20201201,20210115,P,3705000,114.9,115.9,E
20201201,20210115,P,3710000,117.5,118.4,E
20201201,20210115,P,3715000,120.0,121.0,E
20201201,20210115,P,3720000,122.7,123.6,E
20201201,20210115,P,3725000,125.3,126.3,E
20201201,20210115,P,3730000,127.9,129.1,E
20201201,20210115,P,3735000,130.7,131.9,E
20201201,20210115,P,3740000,133.6,134.8,E
20201201,20210115,P,3745000,136.6,137.7,E
20201201,20210115,P,3750000,139.4,140.7,E
20201201,20210115,P,3755000,142.6,143.7,E
20201201,20210115,P,3760000,145.6,146.8,E
20201201,20210115,P,3765000,148.7,149.9,E
20201201,20210115,P,3770000,151.8,153.1,E
20201201,20210115,P,3775000,155.1,156.3,E
20201201,20210115,P,3780000,158.4,159.6,E
20201201,20210115,P,3785000,161.7,163.0,E
20201201,20210115,P,3790000,165.1,166.4,E
20201201,20210115,P,3795000,168.6,169.9,E
20201201,20210115,P,3800000,172.1,173.4,E
20201201,20210115,P,3805000,175.6,176.9,E
20201201,20210115,P,3810000,177.9,182.5,E
20201201,20210115,P,3815000,181.6,187.4,E
20201201,20210115,P,3820000,185.2,190.9,E
20201201,20210115,P,3825000,189.0,195.1,E
20201201,20210115,P,3830000,192.8,199.0,E
20201201,20210115,P,3835000,196.5,202.5,E
20201201,20210115,P,3840000,200.4,206.9,E
20201201,20210115,P,3845000,204.3,210.5,E
20201201,20210115,P,3850000,208.2,214.6,E
20201201,20210115,P,3855000,212.2,218.7,E
20201201,20210115,P,3860000,216.2,222.9,E
20201201,20210115,P,3865000,220.3,227.0,E
20201201,20210115,P,3870000,224.4,230.8,E
20201201,20210115,P,3875000,228.8,234.8,E
20201201,20210115,P,3880000,232.8,239.3,E
20201201,20210115,P,3885000,237.1,243.9,E
20201201,20210115,P,3890000,241.4,248.2,E
20201201,20210115,P,3895000,245.7,252.2,E
20201201,20210115,P,3900000,250.3,256.3,E
20201201,20210115,P,3905000,254.5,261.4,E
20201201,20210115,P,3910000,258.9,265.8,E
20201201,20210115,P,3920000,267.8,274.8,E
20201201,20210115,P,3925000,272.5,279.1,E
20201201,20210115,P,3930000,276.8,283.8,E
20201201,20210115,P,3940000,285.9,292.9,E
20201201,20210115,P,3950000,295.3,302.0,E
20201201,20210115,P,3960000,304.4,311.4,E
20201201,20210115,P,3970000,313.7,320.8,E
20201201,20210115,P,3975000,318.6,324.4,E
20201201,20210115,P,3980000,323.2,329.1,E
20201201,20210115,P,3990000,332.6,338.6,E
20201201,20210115,P,4000000,340.2,348.2,E
20201201,20210115,P,4025000,364.2,372.2,E
20201201,20210115,P,4050000,388.5,396.5,E
20201201,20210115,P,4075000,412.9,420.9,E
20201201,20210115,P,4100000,437.4,445.5,E
20201201,20210115,P,4125000,462.0,470.1,E
20201201,20210115,P,4150000,486.7,494.7,E
20201201,20210115,P,4175000,513.3,519.5,E
20201201,20210115,P,4200000,536.2,544.3,E
20201201,20210115,P,4300000,635.6,643.8,E
20201201,20210115,P,4400000,735.3,743.6,E
20201201,20210115,P,4500000,835.2,843.6,E
20201201,20210115,P,4600000,935.0,943.5,E
20201201,20210115,P,4700000,1031.1,1043.5,E
20201201,20210115,P,4800000,1131.0,1146.8,E
20201201,20210115,P,4900000,1230.9,1246.7,E
20201201,20210115,P,5000000,1330.8,1346.6,E
20201201,20210115,P,5100000,1428.3,1451.2,E
20201201,20210115,P,5200000,1528.3,1551.2,E
20201201,20210115,P,5300000,1628.2,1651.1,E
20201201,20210115,P,5400000,1728.1,1751.0,E
20201201,20210219,C,100000,3539.1,3562.0,E
20201201,20210219,C,200000,3439.3,3462.2,E
20201201,20210219,C,300000,3339.4,3362.3,E
20201201,20210219,C,400000,3239.5,3262.4,E
20201201,20210219,C,500000,3139.7,3162.6,E
20201201,20210219,C,600000,3039.8,3062.7,E
20201201,20210219,C,700000,2939.9,2962.8,E
20201201,20210219,C,800000,2840.1,2863.0,E
20201201,20210219,C,900000,2744.4,2762.0,E
20201201,20210219,C,1000000,2644.5,2662.2,E
20201201,20210219,C,1100000,2544.7,2562.4,E
20201201,20210219,C,1200000,2444.9,2462.6,E
20201201,20210219,C,1300000,2345.1,2362.9,E
20201201,20210219,C,1400000,2245.4,2263.1,E
20201201,20210219,C,1500000,2145.7,2163.4,E
20201201,20210219,C,1600000,2045.9,2063.7,E
20201201,20210219,C,1650000,1996.1,2013.9,E
20201201,20210219,C,1700000,1946.3,1964.1,E
20201201,20210219,C,1750000,1896.4,1914.3,E
20201201,20210219,C,1800000,1846.6,1864.5,E
20201201,20210219,C,1850000,1796.8,1814.7,E
20201201,20210219,C,1900000,1747.0,1764.9,E
20201201,20210219,C,1950000,1697.2,1715.1,E
20201201,20210219,C,2000000,1647.4,1665.3,E
20201201,20210219,C,2050000,1597.7,1615.6,E
20201201,20210219,C,2100000,1548.0,1565.9,E
20201201,20210219,C,2150000,1498.5,1516.3,E
20201201,20210219,C,2200000,1448.9,1466.6,E
20201201,20210219,C,2250000,1399.3,1417.0,E
20201201,20210219,C,2275000,1374.5,1392.3,E
20201201,20210219,C,2290000,1359.6,1377.4,E
20201201,20210219,C,2300000,1349.7,1367.5,E
20201201,20210219,C,2310000,1339.8,1357.6,E
20201201,20210219,C,2320000,1329.9,1347.7,E
20201201,20210219,C,2325000,1324.9,1342.7,E
20201201,20210219,C,2330000,1320.0,1337.8,E
20201201,20210219,C,2340000,1310.1,1327.9,E
20201201,20210219,C,2350000,1300.2,1318.0,E
20201201,20210219,C,2360000,1290.3,1308.1,E
20201201,20210219,C,2370000,1280.4,1298.2,E
20201201,20210219,C,2375000,1275.4,1293.3,E
20201201,20210219,C,2380000,1270.5,1288.3,E
20201201,20210219,C,2390000,1260.6,1278.4,E
20201201,20210219,C,2400000,1250.7,1268.5,E
20201201,20210219,C,2410000,1240.8,1258.7,E
20201201,20210219,C,2420000,1230.8,1248.8,E
20201201,20210219,C,2425000,1226.0,1243.9,E
20201201,20210219,C,2430000,1221.1,1238.9,E
20201201,20210219,C,2440000,1211.2,1229.1,E
20201201,20210219,C,2450000,1201.3,1219.2,E
20201201,20210219,C,2460000,1191.4,1209.3,E
20201201,20210219,C,2470000,1181.6,1199.4,E
20201201,20210219,C,2475000,1176.6,1194.5,E
20201201,20210219,C,2480000,1171.7,1189.6,E
20201201,20210219,C,2490000,1161.8,1179.7,E
20201201,20210219,C,2500000,1151.8,1169.9,E
20201201,20210219,C,2510000,1142.1,1160.0,E
20201201,20210219,C,2520000,1132.1,1150.2,E
20201201,20210219,C,2525000,1127.4,1145.2,E
20201201,20210219,C,2530000,1122.4,1140.3,E
20201201,20210219,C,2540000,1112.6,1130.5,E
20201201,20210219,C,2550000,1102.7,1120.6,E
20201201,20210219,C,2560000,1096.5,1104.9,E
20201201,20210219,C,2570000,1086.9,1095.0,E
20201201,20210219,C,2575000,1082.0,1090.1,E
20201201,20210219,C,2580000,1076.9,1085.2,E
20201201,20210219,C,2590000,1067.3,1075.4,E
20201201,20210219,C,2600000,1057.5,1065.5,E
20201201,20210219,C,2610000,1047.7,1055.7,E
20201201,20210219,C,2620000,1037.6,1045.9,E
20201201,20210219,C,2625000,1032.9,1041.0,E
20201201,20210219,C,2630000,1028.1,1036.0,E
20201201,20210219,C,2640000,1018.3,1026.2,E
20201201,20210219,C,2650000,1008.5,1016.4,E
20201201,20210219,C,2660000,998.7,1006.6,E
20201201,20210219,C,2670000,989.0,996.8,E
20201201,20210219,C,2675000,984.0,991.9,E
20201201,20210219,C,2680000,979.2,987.0,E
20201201,20210219,C,2690000,969.4,977.2,E
20201201,20210219,C,2700000,959.6,967.5,E
20201201,20210219,C,2710000,949.7,957.7,E
20201201,20210219,C,2720000,940.2,947.9,E
20201201,20210219,C,2725000,935.3,943.1,E
20201201,20210219,C,2730000,930.5,938.2,E
20201201,20210219,C,2740000,920.6,928.4,E
20201201,20210219,C,2750000,911.0,918.7,E
20201201,20210219,C,2760000,901.3,909.0,E
20201201,20210219,C,2770000,891.6,899.2,E
20201201,20210219,C,2775000,886.9,894.4,E
20201201,20210219,C,2780000,881.7,889.5,E
20201201,20210219,C,2790000,872.2,879.8,E
20201201,20210219,C,2800000,862.7,870.1,E
20201201,20210219,C,2810000,852.9,860.4,E
20201201,20210219,C,2820000,843.4,850.7,E
20201201,20210219,C,2825000,838.3,845.9,E
20201201,20210219,C,2830000,833.6,840.6,E
20201201,20210219,C,2840000,824.0,831.4,E
20201201,20210219,C,2850000,815.1,822.6,E
20201201,20210219,C,2860000,805.5,811.7,E
20201201,20210219,C,2870000,796.0,802.1,E
20201201,20210219,C,2875000,791.2,798.6,E
20201201,20210219,C,2880000,786.4,792.5,E
20201201,20210219,C,2890000,776.8,782.9,E
20201201,20210219,C,2900000,767.3,774.6,E
20201201,20210219,C,2910000,757.7,763.8,E
20201201,20210219,C,2920000,748.2,754.2,E
20201201,20210219,C,2925000,742.4,750.7,E
20201201,20210219,C,2930000,738.7,744.7,E
20201201,20210219,C,2940000,729.2,735.2,E
20201201,20210219,C,2950000,719.7,726.8,E
20201201,20210219,C,2960000,709.4,716.2,E
20201201,20210219,C,2970000,699.7,706.7,E
20201201,20210219,C,2975000,695.0,701.8,E
20201201,20210219,C,2980000,690.0,697.2,E
20201201,20210219,C,2990000,681.1,687.8,E
20201201,20210219,C,3000000,671.6,678.2,E
20201201,20210219,C,3010000,662.0,669.0,E
20201201,20210219,C,3020000,652.8,659.6,E
20201201,20210219,C,3025000,647.9,654.7,E
20201201,20210219,C,3030000,643.2,650.2,E
20201201,20210219,C,3040000,633.9,640.8,E
20201201,20210219,C,3050000,624.5,631.3,E
20201201,20210219,C,3060000,615.2,622.2,E
20201201,20210219,C,3070000,605.9,612.9,E
20201201,20210219,C,3075000,601.6,608.0,E
20201201,20210219,C,3080000,596.7,603.5,E
20201201,20210219,C,3090000,587.4,594.3,E
20201201,20210219,C,3100000,578.5,584.9,E
20201201,20210219,C,3110000,569.0,575.7,E
20201201,20210219,C,3120000,559.8,566.5,E
20201201,20210219,C,3125000,555.4,561.8,E
20201201,20210219,C,3130000,550.8,557.3,E
20201201,20210219,C,3140000,541.2,548.1,E
20201201,20210219,C,3150000,532.5,539.0,E
20201201,20210219,C,3160000,523.5,529.8,E
20201201,20210219,C,3170000,514.4,520.7,E
20201201,20210219,C,3175000,510.0,516.1,E
20201201,20210219,C,3180000,505.4,511.6,E
20201201,20210219,C,3190000,496.5,502.6,E
20201201,20210219,C,3200000,487.1,493.5,E
20201201,20210219,C,3210000,478.0,484.6,E
20201201,20210219,C,3220000,469.1,475.6,E
20201201,20210219,C,3225000,465.2,471.1,E
20201201,20210219,C,3230000,460.2,466.7,E
20201201,20210219,C,3240000,451.3,457.7,E
20201201,20210219,C,3250000,441.9,448.9,E
20201201,20210219,C,3260000,433.1,440.0,E
20201201,20210219,C,3270000,424.8,431.2,E
20201201,20210219,C,3275000,420.0,426.8,E
20201201,20210219,C,3280000,416.1,422.4,E
20201201,20210219,C,3290000,407.4,413.9,E
20201201,20210219,C,3300000,398.8,405.0,E
20201201,20210219,C,3310000,390.2,396.3,E
20201201,20210219,C,3320000,381.2,387.7,E
20201201,20210219,C,3325000,377.0,383.4,E
20201201,20210219,C,3330000,372.7,379.1,E
20201201,20210219,C,3340000,364.3,370.6,E
20201201,20210219,C,3350000,355.8,362.1,E
20201201,20210219,C,3360000,347.4,353.7,E
20201201,20210219,C,3370000,339.1,345.2,E
20201201,20210219,C,3375000,334.9,341.0,E
20201201,20210219,C,3380000,330.8,336.9,E
20201201,20210219,C,3390000,322.5,328.5,E
20201201,20210219,C,3400000,314.3,320.3,E
20201201,20210219,C,3410000,309.3,310.8,E
20201201,20210219,C,3420000,301.1,302.7,E
20201201,20210219,C,3425000,297.1,298.6,E
20201201,20210219,C,3430000,293.0,294.6,E
20201201,20210219,C,3440000,285.0,286.5,E
20201201,20210219,C,3450000,277.0,278.6,E
20201201,20210219,C,3460000,269.0,270.6,E
20201201,20210219,C,3470000,261.2,262.7,E
20201201,20210219,C,3475000,257.3,258.8,E
20201201,20210219,C,3480000,253.4,254.9,E
20201201,20210219,C,3490000,245.6,247.1,E
20201201,20210219,C,3500000,238.0,239.5,E
20201201,20210219,C,3510000,230.4,231.9,E
20201201,20210219,C,3520000,222.9,224.3,E
20201201,20210219,C,3525000,219.1,220.6,E
20201201,20210219,C,3530000,215.4,216.9,E
20201201,20210219,C,3540000,208.1,209.5,E
20201201,20210219,C,3550000,200.8,202.3,E
20201201,20210219,C,3560000,193.6,195.0,E
20201201,20210219,C,3570000,186.5,187.9,E
20201201,20210219,C,3575000,183.0,184.4,E
20201201,20210219,C,3580000,179.5,180.9,E
20201201,20210219,C,3590000,172.7,174.1,E
20201201,20210219,C,3600000,165.9,167.2,E
20201201,20210219,C,3610000,159.2,160.5,E
20201201,20210219,C,3620000,152.7,154.0,E
20201201,20210219,C,3625000,149.5,150.7,E
20201201,20210219,C,3630000,146.3,147.5,E
20201201,20210219,C,3640000,140.0,141.2,E
20201201,20210219,C,3650000,133.9,135.1,E
20201201,20210219,C,3660000,127.8,129.0,E
20201201,20210219,C,3670000,121.9,123.1,E
20201201,20210219,C,3675000,119.0,120.2,E
20201201,20210219,C,3680000,116.2,117.4,E
20201201,20210219,C,3690000,110.6,111.7,E
20201201,20210219,C,3700000,105.2,106.3,E
20201201,20210219,C,3710000,99.9,101.0,E
20201201,20210219,C,3720000,94.8,95.8,E
20201201,20210219,C,3725000,92.3,93.3,E
20201201,20210219,C,3730000,89.8,90.8,E
20201201,20210219,C,3740000,85.0,86.0,E
20201201,20210219,C,3750000,80.4,81.4,E
20201201,20210219,C,3760000,76.0,76.9,E
20201201,20210219,C,3770000,71.7,72.6,E
20201201,20210219,C,3775000,69.6,70.5,E
20201201,20210219,C,3780000,67.6,68.5,E
20201201,20210219,C,3790000,63.6,64.5,E
20201201,20210219,C,3800000,59.8,60.7,E
20201201,20210219,C,3810000,56.2,57.1,E
20201201,20210219,C,3820000,52.8,53.6,E
20201201,20210219,C,3825000,51.2,51.9,E
20201201,20210219,C,3830000,49.5,50.3,E
20201201,20210219,C,3840000,46.4,47.1,E
20201201,20210219,C,3850000,43.5,44.1,E
20201201,20210219,C,3860000,40.7,41.3,E
20201201,20210219,C,3870000,38.0,38.7,E
20201201,20210219,C,3875000,36.7,37.4,E
20201201,20210219,C,3880000,35.5,36.2,E
20201201,20210219,C,3890000,33.1,33.8,E
20201201,20210219,C,3900000,30.9,31.5,E
20201201,20210219,C,3910000,28.8,29.5,E
20201201,20210219,C,3920000,26.9,27.5,E
20201201,20210219,C,3925000,26.0,26.6,E
20201201,20210219,C,3930000,25.1,25.7,E
20201201,20210219,C,3940000,23.4,24.0,E
20201201,20210219,C,3950000,21.8,22.4,E
20201201,20210219,C,3960000,20.3,20.9,E
20201201,20210219,C,3970000,18.9,19.5,E
20201201,20210219,C,3975000,18.2,18.8,E
20201201,20210219,C,3980000,17.6,18.2,E
20201201,20210219,C,3990000,16.4,16.9,E
20201201,20210219,C,4000000,15.3,15.8,E
20201201,20210219,C,4025000,12.8,13.3,E
20201201,20210219,C,4050000,10.8,11.3,E
20201201,20210219,C,4075000,9.0,9.5,E
20201201,20210219,C,4100000,7.6,7.9,E
20201201,20210219,C,4125000,6.4,6.8,E
20201201,20210219,C,4150000,5.4,5.8,E
20201201,20210219,C,4175000,4.6,5.0,E
20201201,20210219,C,4200000,3.9,4.3,E
20201201,20210219,C,4300000,2.15,2.4,E
20201201,20210219,C,4400000,1.2,1.45,E
20201201,20210219,C,4500000,0.65,0.95,E
20201201,20210219,C,4600000,0.4,0.65,E
20201201,20210219,C,4700000,0.25,0.55,E
20201201,20210219,C,4800000,0.2,0.45,E
20201201,20210219,C,4900000,0.15,0.35,E
20201201,20210219,C,5000000,0.1,0.3,E
20201201,20210219,C,5100000,0.1,0.25,E
20201201,20210219,C,5200000,0.05,0.25,E
20201201,20210219,C,5300000,0.1,0.2,E
20201201,20210219,C,5400000,0.05,0.2,E
20201201,20210219,P,100000,0.0,0.05,E
20201201,20210219,P,200000,0.0,0.05,E
20201201,20210219,P,300000,0.0,0.05,E
20201201,20210219,P,400000,0.0,0.05,E
20201201,20210219,P,500000,0.0,0.05,E
20201201,20210219,P,600000,0.0,0.05,E
20201201,20210219,P,700000,0.0,0.1,E
20201201,20210219,P,800000,0.0,0.1,E
20201201,20210219,P,900000,0.05,0.2,E
20201201,20210219,P,1000000,0.1,0.3,E
20201201,20210219,P,1100000,0.15,0.4,E
20201201,20210219,P,1200000,0.25,0.45,E
20201201,20210219,P,1300000,0.35,0.55,E
20201201,20210219,P,1400000,0.45,0.7,E
20201201,20210219,P,1500000,0.6,0.8,E
20201201,20210219,P,1600000,0.8,1.0,E
20201201,20210219,P,1650000,0.85,1.1,E
20201201,20210219,P,1700000,0.95,1.2,E
20201201,20210219,P,1750000,1.1,1.3,E
20201201,20210219,P,1800000,1.25,1.45,E
20201201,20210219,P,1850000,1.35,1.6,E
20201201,20210219,P,1900000,1.55,1.8,E
20201201,20210219,P,1950000,1.7,1.95,E
20201201,20210219,P,2000000,1.9,2.15,E
20201201,20210219,P,2050000,2.1,2.35,E
20201201,20210219,P,2100000,2.35,2.6,E
20201201,20210219,P,2150000,2.6,2.85,E
20201201,20210219,P,2200000,2.9,3.2,E
20201201,20210219,P,2250000,3.2,3.5,E
20201201,20210219,P,2275000,3.4,3.7,E
20201201,20210219,P,2290000,3.5,3.8,E
20201201,20210219,P,2300000,3.6,3.9,E
20201201,20210219,P,2310000,3.7,4.0,E
20201201,20210219,P,2320000,3.8,4.0,E
20201201,20210219,P,2325000,3.8,4.1,E
20201201,20210219,P,2330000,3.9,4.1,E
20201201,20210219,P,2340000,3.9,4.2,E
20201201,20210219,P,2350000,4.0,4.3,E
20201201,20210219,P,2360000,4.1,4.4,E
20201201,20210219,P,2370000,4.2,4.5,E
20201201,20210219,P,2375000,4.3,4.5,E
20201201,20210219,P,2380000,4.3,4.6,E
20201201,20210219,P,2390000,4.4,4.7,E
20201201,20210219,P,2400000,4.5,4.8,E
20201201,20210219,P,2410000,4.6,4.9,E
20201201,20210219,P,2420000,4.7,5.0,E
20201201,20210219,P,2425000,4.8,5.1,E
20201201,20210219,P,2430000,4.8,5.1,E
20201201,20210219,P,2440000,4.9,5.2,E
20201201,20210219,P,2450000,5.1,5.4,E
20201201,20210219,P,2460000,5.2,5.5,E
20201201,20210219,P,2470000,5.3,5.6,E
20201201,20210219,P,2475000,5.4,5.7,E
20201201,20210219,P,2480000,5.4,5.7,E
20201201,20210219,P,2490000,5.5,5.9,E
20201201,20210219,P,2500000,5.7,6.0,E
20201201,20210219,P,2510000,5.8,6.1,E
20201201,20210219,P,2520000,6.0,6.3,E
20201201,20210219,P,2525000,6.0,6.4,E
20201201,20210219,P,2530000,6.1,6.4,E
20201201,20210219,P,2540000,6.2,6.6,E
20201201,20210219,P,2550000,6.4,6.7,E
20201201,20210219,P,2560000,6.5,6.9,E
20201201,20210219,P,2570000,6.7,7.0,E
20201201,20210219,P,2575000,6.8,7.1,E
20201201,20210219,P,2580000,6.9,7.2,E
20201201,20210219,P,2590000,7.0,7.4,E
20201201,20210219,P,2600000,7.2,7.5,E
20201201,20210219,P,2610000,7.4,7.7,E
20201201,20210219,P,2620000,7.6,7.9,E
20201201,20210219,P,2625000,7.7,8.0,E
20201201,20210219,P,2630000,7.7,8.1,E
20201201,20210219,P,2640000,7.9,8.3,E
20201201,20210219,P,2650000,8.1,8.5,E
20201201,20210219,P,2660000,8.3,8.7,E
20201201,20210219,P,2670000,8.5,8.9,E
20201201,20210219,P,2675000,8.7,9.0,E
20201201,20210219,P,2680000,8.8,9.1,E
20201201,20210219,P,2690000,9.0,9.3,E
20201201,20210219,P,2700000,9.2,9.5,E
20201201,20210219,P,2710000,9.4,9.8,E
20201201,20210219,P,2720000,9.7,10.0,E
20201201,20210219,P,2725000,9.8,10.1,E
20201201,20210219,P,2730000,9.9,10.3,E
20201201,20210219,P,2740000,10.2,10.5,E
20201201,20210219,P,2750000,10.4,10.8,E
20201201,20210219,P,2760000,10.7,11.1,E
20201201,20210219,P,2770000,11.0,11.4,E
20201201,20210219,P,2775000,11.1,11.5,E
20201201,20210219,P,2780000,11.3,11.7,E
20201201,20210219,P,2790000,11.6,12.0,E
20201201,20210219,P,2800000,12.1,12.3,E
20201201,20210219,P,2810000,12.2,12.6,E
20201201,20210219,P,2820000,12.5,12.9,E
20201201,20210219,P,2825000,12.7,13.1,E
20201201,20210219,P,2830000,12.9,13.3,E
20201201,20210219,P,2840000,13.2,13.6,E
20201201,20210219,P,2850000,13.6,14.0,E
20201201,20210219,P,2860000,13.9,14.3,E
20201201,20210219,P,2870000,14.3,14.7,E
20201201,20210219,P,2875000,14.5,14.9,E
20201201,20210219,P,2880000,14.7,15.1,E
20201201,20210219,P,2890000,15.1,15.5,E
20201201,20210219,P,2900000,15.5,15.9,E
20201201,20210219,P,2910000,15.9,16.4,E
20201201,20210219,P,2920000,16.4,16.8,E
20201201,20210219,P,2925000,16.6,17.0,E
20201201,20210219,P,2930000,16.8,17.3,E
20201201,20210219,P,2940000,17.3,17.7,E
20201201,20210219,P,2950000,17.8,18.2,E
20201201,20210219,P,2960000,18.3,18.7,E
20201201,20210219,P,2970000,18.8,19.2,E
20201201,20210219,P,2975000,19.0,19.5,E
20201201,20210219,P,2980000,19.3,19.8,E
20201201,20210219,P,2990000,19.8,20.3,E
20201201,20210219,P,3000000,20.4,20.9,E
20201201,20210219,P,3010000,21.0,21.4,E
20201201,20210219,P,3020000,21.6,22.0,E
20201201,20210219,P,3025000,21.8,22.3,E
20201201,20210219,P,3030000,22.2,22.6,E
20201201,20210219,P,3040000,22.8,23.3,E
20201201,20210219,P,3050000,23.4,23.9,E
20201201,20210219,P,3060000,24.1,24.6,E
20201201,20210219,P,3070000,24.8,25.2,E
20201201,20210219,P,3075000,25.1,25.6,E
20201201,20210219,P,3080000,25.5,25.9,E
20201201,20210219,P,3090000,26.2,26.7,E
20201201,20210219,P,3100000,27.0,27.4,E
20201201,20210219,P,3110000,27.7,28.2,E
20201201,20210219,P,3120000,28.5,28.9,E
20201201,20210219,P,3125000,28.9,29.3,E
20201201,20210219,P,3130000,29.3,29.7,E
20201201,20210219,P,3140000,30.2,30.6,E
20201201,20210219,P,3150000,31.0,31.4,E
20201201,20210219,P,3160000,31.9,32.3,E
20201201,20210219,P,3170000,32.8,33.2,E
20201201,20210219,P,3175000,33.2,33.7,E
20201201,20210219,P,3180000,33.7,34.1,E
20201201,20210219,P,3190000,34.7,35.1,E
20201201,20210219,P,3200000,35.6,36.1,E
20201201,20210219,P,3210000,36.7,37.1,E
20201201,20210219,P,3220000,37.7,38.2,E
20201201,20210219,P,3225000,38.2,38.7,E
20201201,20210219,P,3230000,38.8,39.2,E
20201201,20210219,P,3240000,39.9,40.3,E
20201201,20210219,P,3250000,41.0,41.5,E
20201201,20210219,P,3260000,42.2,42.6,E
20201201,20210219,P,3270000,43.4,43.8,E
20201201,20210219,P,3275000,44.0,44.5,E
20201201,20210219,P,3280000,44.6,45.1,E
20201201,20210219,P,3290000,45.9,46.4,E
20201201,20210219,P,3300000,47.2,47.7,E
20201201,20210219,P,3310000,48.5,49.0,E
20201201,20210219,P,3320000,49.8,50.4,E
20201201,20210219,P,3325000,50.5,51.1,E
20201201,20210219,P,3330000,51.2,51.8,E
20201201,20210219,P,3340000,52.7,53.3,E
20201201,20210219,P,3350000,54.2,54.8,E
20201201,20210219,P,3360000,55.7,56.4,E
20201201,20210219,P,3370000,57.3,58.0,E
20201201,20210219,P,3375000,58.1,58.8,E
20201201,20210219,P,3380000,58.9,59.6,E
20201201,20210219,P,3390000,60.6,61.3,E
20201201,20210219,P,3400000,62.3,63.1,E
20201201,20210219,P,3410000,64.2,64.8,E
20201201,20210219,P,3420000,65.9,66.7,E
20201201,20210219,P,3425000,66.9,67.6,E
20201201,20210219,P,3430000,67.9,68.6,E
20201201,20210219,P,3440000,69.8,70.5,E
20201201,20210219,P,3450000,71.7,72.5,E
20201201,20210219,P,3460000,73.8,74.6,E
20201201,20210219,P,3470000,75.9,76.7,E
20201201,20210219,P,3475000,77.0,77.8,E
20201201,20210219,P,3480000,78.1,78.9,E
20201201,20210219,P,3490000,80.3,81.1,E
20201201,20210219,P,3500000,82.7,83.4,E
20201201,20210219,P,3510000,85.1,85.8,E
20201201,20210219,P,3520000,87.5,88.3,E
20201201,20210219,P,3525000,88.8,89.6,E
20201201,20210219,P,3530000,90.1,90.9,E
20201201,20210219,P,3540000,92.6,93.5,E
20201201,20210219,P,3550000,95.4,96.2,E
20201201,20210219,P,3560000,98.2,99.1,E
20201201,20210219,P,3570000,101.1,102.0,E
20201201,20210219,P,3575000,102.6,103.5,E
20201201,20210219,P,3580000,104.1,105.0,E
20201201,20210219,P,3590000,107.2,108.1,E
20201201,20210219,P,3600000,110.4,111.3,E
20201201,20210219,P,3610000,113.7,114.7,E
20201201,20210219,P,3620000,117.1,118.1,E
20201201,20210219,P,3625000,118.9,119.9,E
20201201,20210219,P,3630000,120.7,121.7,E
20201201,20210219,P,3640000,124.4,125.4,E
20201201,20210219,P,3650000,128.2,129.2,E
20201201,20210219,P,3660000,132.1,133.2,E
20201201,20210219,P,3670000,136.2,137.3,E
20201201,20210219,P,3675000,138.3,139.4,E
20201201,20210219,P,3680000,140.4,141.5,E
20201201,20210219,P,3690000,144.8,145.9,E
20201201,20210219,P,3700000,149.3,150.4,E
20201201,20210219,P,3710000,154.0,155.1,E
20201201,20210219,P,3720000,158.7,160.0,E
20201201,20210219,P,3725000,161.2,162.5,E
20201201,20210219,P,3730000,163.8,165.0,E
20201201,20210219,P,3740000,168.9,170.2,E
20201201,20210219,P,3750000,174.3,175.6,E
20201201,20210219,P,3760000,179.9,181.1,E
20201201,20210219,P,3770000,185.4,186.9,E
20201201,20210219,P,3775000,188.3,189.8,E
20201201,20210219,P,3780000,191.4,192.7,E
20201201,20210219,P,3790000,197.3,198.8,E
20201201,20210219,P,3800000,203.6,204.9,E
20201201,20210219,P,3810000,209.8,211.3,E
20201201,20210219,P,3820000,216.3,217.8,E
20201201,20210219,P,3825000,219.7,221.2,E
20201201,20210219,P,3830000,223.0,224.5,E
20201201,20210219,P,3840000,229.9,231.4,E
20201201,20210219,P,3850000,236.9,238.4,E
20201201,20210219,P,3860000,244.1,245.6,E
20201201,20210219,P,3870000,243.9,255.5,E
20201201,20210219,P,3875000,247.5,260.0,E
20201201,20210219,P,3880000,251.2,263.0,E
20201201,20210219,P,3890000,264.9,270.7,E
20201201,20210219,P,3900000,272.6,278.6,E
20201201,20210219,P,3910000,280.5,286.6,E
20201201,20210219,P,3920000,288.5,294.5,E
20201201,20210219,P,3925000,292.5,298.6,E
20201201,20210219,P,3930000,296.5,302.8,E
20201201,20210219,P,3940000,304.9,311.1,E
20201201,20210219,P,3950000,313.2,320.1,E
20201201,20210219,P,3960000,321.7,328.2,E
20201201,20210219,P,3970000,330.3,337.2,E
20201201,20210219,P,3975000,334.3,341.4,E
20201201,20210219,P,3980000,338.6,345.9,E
20201201,20210219,P,3990000,347.7,354.6,E
20201201,20210219,P,4000000,356.1,363.2,E
20201201,20210219,P,4025000,378.4,385.9,E
20201201,20210219,P,4050000,401.2,408.8,E
20201201,20210219,P,4075000,418.6,432.0,E
20201201,20210219,P,4100000,442.0,455.1,E
20201201,20210219,P,4125000,465.8,478.9,E
20201201,20210219,P,4150000,489.7,503.0,E
20201201,20210219,P,4175000,513.8,527.3,E
20201201,20210219,P,4200000,544.1,551.7,E
20201201,20210219,P,4300000,636.1,650.0,E
20201201,20210219,P,4400000,734.9,748.9,E
20201201,20210219,P,4500000,834.3,848.3,E
20201201,20210219,P,4600000,939.0,948.2,E
20201201,20210219,P,4700000,1039.8,1047.9,E
20201201,20210219,P,4800000,1133.5,1150.9,E
20201201,20210219,P,4900000,1233.3,1251.7,E
20201201,20210219,P,5000000,1333.1,1350.5,E
20201201,20210219,P,5100000,1431.8,1454.7,E
20201201,20210219,P,5200000,1531.7,1554.6,E
20201201,20210219,P,5300000,1631.5,1654.4,E
20201201,20210219,P,5400000,1731.4,1752.3,E
